mmsi,vessel_name,imo,ship_type
671087100,WATER SPIRIT 2,IMO9212424,70.0
366938780,JOHN J BOLAND,IMO7318901,70.0
366930730,AMERICAN SPIRIT,IMO7423392,70.0
367585560,HENRY ISLAND,,70.0
636017730,CHIQUITA VENTURE,IMO9357080,79.0
367180560,CAPT LUKE C,,70.0
354739000,CARMEL,IMO9805312,70.0
636020988,FANTASEA,IMO9342827,70.0
368270390,GO SEEKER,IMO9579157,70.0
369286000,HARVEY EXPLORER,IMO9270127,70.0
431080000,ONE BLUE JAY,IMO9741372,70.0
351137000,CENTURY QUEEN,IMO9831531,70.0
538005697,INTERLINK FORTUITY,IMO9711755,70.0
477307900,SEASPAN BENEFACTOR,IMO9739666,71.0
477914600,SAGA FALCON,IMO9613848,70.0
316013980,RADCLIFFE R LATIMER,IMO7711725,70.0
338141134,ISLAND TRANSPORTER,,70.0
316052496,NORTHERN VENTURE,IMO9167681,70.0
255806356,UHL FIERCE,IMO9892509,70.0
477714700,DARYA HEERA,IMO9909077,70.0
636016895,ALE,IMO9303754,70.0
305236000,HOHEPLATE,IMO9366237,71.0
538008507,AMEMPTOS,IMO9867140,70.0
212557000,PROTOSTAR N,IMO9360257,70.0
367120990,AMERICAN INTEGRITY,IMO7514696,70.0
366971330,EDGAR B SPEER,IMO7625952,79.0
352002049,KARO T,IMO9942108,70.0
316047565,SEASPAN TRADER,IMO9886392,79.0
563050400,MONTE ALEGRE,IMO9348065,70.0
538006864,DSI AQUARIUS,IMO9749269,70.0
311000415,DOLE ATLANTIC,IMO9703069,70.0
367511590,DEFIANCE,IMO8109761,70.0
368042000,ODYSSEA SPIRIT,IMO9204570,70.0
431188000,JUNO AVENIR,IMO9899399,70.0
371919000,MENELAOS,IMO9696436,70.0
367486370,NRC QUEST,IMO9271195,70.0
316048574,SEASPAN TRANSPORTER,IMO9886407,70.0
210411000,SPIKE,IMO9976628,70.0
636093293,NHAVA SHEVA EXPRESS,IMO9406738,70.0
367073150,ABIGAIL CLAIRE,IMO9372224,70.0
247341300,GRANDE TEMA,IMO9672090,70.0
367387930,ODYSSEA DEFENDER,IMO9535072,79.0
368253470,HOS RUNNING BUCK,IMO9645633,79.0
256402000,SATURNIA,IMO9725380,70.0
373485000,ONE HOUSTON,IMO9566382,70.0
311000716,ARIANA,IMO9828297,70.0
538009245,FEDERAL FRASER,IMO9866744,70.0
372610000,LUNA SPIRIT,IMO9372315,70.0
367777470,NUNANIQ,,70.0
369638000,IPANEMA,IMO9499929,70.0
477195600,MOUNT HIKURANGI,IMO9580039,70.0
316036229,ALGOMA COMPASS,IMO7326245,70.0
368149440,CORREGIDOR,,79.0
215159000,CMA CGM SWORDFISH,IMO9331000,70.0
636016430,MSC JULIA R,IMO9227338,79.0
316014050,ALGOMA MARINER,IMO9587893,70.0
368231430,DELAWARE,,70.0
367341010,MANITOWOC,IMO7366398,70.0
374508000,FILOTIMO,IMO9817913,70.0
255806142,ONEGO MERCHANT,IMO9238363,70.0
538006906,CHLOE,IMO9749910,70.0
351421000,ICY BAY,IMO9722467,70.0
367348220,PRESQUE ISLE,IMO7303877,79.0
369000000,LARRY T RIGDON,IMO9668166,70.0
366972020,ARTHUR M ANDERSON,IMO5025691,70.0
305140000,TUCANA J,IMO9355472,71.0
367413160,DUSTIN DANOS,IMO8964458,70.0
368224220,C TRUC NO. 7,IMO8123509,70.0
374996000,FRIO GALICIA,IMO9143752,70.0
367564890,GO QUEST,IMO8987876,70.0
366938770,H LEE WHITE,IMO7366362,70.0
538011094,MANINA,IMO9986934,70.0
538009724,CITY OF OSLO,IMO9407677,70.0
316014160,MANITOULIN,IMO8810918,70.0
441357000,K.ASIAN BEAUTY,IMO9070462,70.0
538008341,TOMINI FELICITY,IMO9831799,70.0
368304090,WENDY LOU,,70.0
368269610,HOS ROSEBUD,IMO9645619,70.0
316023341,WHITEFISH BAY,IMO9639880,70.0
367323780,MR COLBY,IMO8964575,70.0
367391920,GOL SUPPORTER,IMO9559157,70.0
209744000,PEACE,IMO9568067,70.0
374582000,PENSILVANIA,IMO9287443,79.0
209513000,JAUME II,IMO9116113,70.0
367400840,DRY TORTUGAS,IMO9585089,79.0
368186000,HARVEY CARRIER,IMO9388120,78.0
304304000,REGULA,IMO9430064,70.0
538009560,DEL MONTE GOLD,IMO9849643,70.0
372148000,LONDON HIGHWAY,IMO9362267,70.0
311015100,SUNSHINE ACE,IMO9338852,70.0
241156000,ATHINA CARRAS,IMO9592719,70.0
351225000,VERA LONDON,IMO9644055,79.0
373415000,TRAWIND DOLPHIN,IMO9562453,70.0
368269860,GO JUSTICE,IMO9558440,70.0
367411370,STARFLEET VIKING,IMO9585431,70.0
369255000,C-LEGEND,IMO9273571,70.0
477308400,SEASPAN LOGA,IMO9320001,71.0
636024021,ARIANDA,IMO9537276,70.0
636014996,YM MUTUALITY,IMO9455870,74.0
368101000,JB FOSTER,IMO9175004,70.0
636016106,ENSENADA,IMO9247546,71.0
636022841,BERGAMOT ACE,IMO9403281,70.0
316035905,ALGOMA INNOVATOR,IMO9773375,70.0
538009438,GENCO ENTERPRISE,IMO9707699,70.0
636022942,MSC GIOVANNA VII,,70.0
477025400,OOCL BAUHINIA,IMO9949716,70.0
538007994,SPRING SNOW,IMO9473274,70.0
372480000,DAIWAN GLORY,IMO9713832,70.0
352002990,CORNALIN,IMO9947263,70.0
368383090,ANNETTE ADAMS,,70.0
368205000,POINT NEMO,IMO9043914,75.0
235093618,EVER LASTING,IMO9595450,74.0
636020494,MSC TEXAS,IMO9318058,71.0
563170400,ULTRA SPIRIT,IMO9933030,70.0
303333000,CAPE DAVIS,IMO9421386,70.0
431315000,MOL COMPETENCE,IMO9339662,71.0
368270970,CARIBBEAN,IMO9694608,70.0
311000187,HARVEST LEADER,IMO9690523,70.0
374518000,SUMMER SKY,IMO9790830,70.0
316036228,ALGOMA BUFFALO,IMO7620653,70.0
563219700,MAERSK SEQUOIA,IMO9943097,70.0
477928700,GUSTAV MAERSK,IMO9359038,71.0
371215000,ONE MILLAU,IMO9706736,70.0
303943000,CAPE HENRY,IMO7724083,70.0
538009559,DEL MONTE VALIANT,IMO9869681,70.0
316001635,RT HON PAUL J MARTIN,IMO7324405,70.0
477690600,SEASPAN RIO DE JANEI,IMO9301847,71.0
316009090,ALGOMA EQUINOX,IMO9613927,70.0
367332830,PENNY F,IMO9555682,70.0
367761740,GENERAL PATTON,,70.0
245789000,SPIEGELGRACHT,IMO9197911,70.0
636092818,REDMER OLDENDORFF,IMO9463669,79.0
563200400,WESTWOOD RAINIER,IMO9226035,70.0
229592000,CMA CGM OSIRIS,IMO9882504,79.0
636019984,YM TOTALITY,IMO9860922,71.0
355328000,CHASSELAS,IMO9840506,70.0
209191000,ONE ENERGY,IMO9592123,70.0
563237800,EVER MEMO,IMO9935272,74.0
367338000,HARVEY POWER,IMO9654232,70.0
367596840,HOS CAPTAIN,IMO9647590,70.0
367166950,KYLIE WILLIAMS,IMO9383780,70.0
538003831,GLOVIS COUNTESS,IMO9476721,70.0
368183000,GREAT REPUBLIC,IMO7914236,70.0
311033600,JUNO,IMO9422378,70.0
367799380,TAINO,IMO9721970,70.0
373143000,PAN IRIS,IMO9468736,70.0
352002798,ALEJANDRINA,IMO9431630,70.0
432440000,TEXAS HIGHWAY,IMO9272890,70.0
477269400,COSCO SHIPPING LOTUS,IMO9785811,71.0
367332840,KARLA F,IMO9555694,70.0
636020684,EVER FEAT,IMO9850898,74.0
366904950,LEE A TREGURTHA,IMO5385625,70.0
636021448,MSC LONG BEACH VI,IMO9327803,71.0
316034846,ALGOMA NIAGARA,IMO9619270,70.0
563244800,ONE HARBOUR,IMO9302152,73.0
636024335,STAR COPENHAGEN,IMO9699359,70.0
367516920,HARVEY EXPRESS,IMO1233561,70.0
563226200,YM WARRANTY,IMO9757228,71.0
636020215,MSC JESSENIA R,IMO9215672,70.0
431892000,SHINCHI MARU,IMO9659000,70.0
249909000,TYSLA,IMO9515400,70.0
477207300,MAERSK NEW DELHI,IMO9402627,71.0
352163000,GENIUS SW,IMO9511052,70.0
255806498,MSC JULIE,IMO9704996,71.0
636022687,G.CROWN,IMO9982483,70.0
636021739,ZIM CHINA,IMO9389382,71.0
232018900,HYUNDAI NEPTUNE,IMO9725158,70.0
244561000,VANQUISH,IMO9375135,79.0
440141000,SM BUSAN,IMO9312767,70.0
366971360,JOHN G MUNSON,IMO5173670,70.0
369224000,HARVEY PROVIDER,IMO9270115,75.0
636093306,WESTPORT,IMO9302645,71.0
367416060,HARVEY RAIN,IMO9536210,70.0
368308420,NIMITZ,IMO0568812,70.0
366938730,INDIANA HARBOR,IMO7514701,70.0
215181000,CMA CGM J. ADAMS,IMO9780885,71.0
256542000,CMA CGM INDIANAPOLIS,IMO9953717,70.0
538009664,ASTRO ALTAIR,IMO9864887,70.0
352166000,AUDREY SW,IMO9597422,70.0
304664000,PIONEER,IMO9184706,79.0
369701000,MIDNIGHT SUN,IMO9232278,70.0
366563000,MAHIMAHI,IMO7907996,70.0
368473000,LIBERTY PRIDE,IMO9448114,70.0
352002445,OCEAN GENOVA,IMO9965473,70.0
368115890,SOUTHERN BELLE,,79.0
477302200,SEASPAN HANNOVER,IMO9320013,70.0
477067900,OOCL UTAH,IMO9486087,70.0
367525770,TUGIDAK,IMO7309302,79.0
355919000,MSC MARIA ELENA,IMO9304423,70.0
636021197,SYMI,IMO9669407,70.0
636017581,MSC ANNICK,IMO9169122,73.0
316029000,CSL NIAGARA,IMO7128423,70.0
368016020,TIMELESS,IMO8967852,71.0
366938710,AMERICAN MARINER,IMO7812567,70.0
305719000,BBC AQUAMARINE,IMO9504736,70.0
372733000,EVER FIT,IMO9850795,71.0
477194600,COSCO SHIPPING ANDES,IMO9757888,71.0
538004750,FEDERAL TYNE,IMO9658903,70.0
352283000,FRONTIER ACE,IMO9209271,70.0
563040700,ULTRALAZ,IMO9781085,70.0
538011204,WIGEON,IMO9358395,70.0
368311960,HOS BLACKHAWK,IMO9382877,70.0
636022953,ZIM ARIES,IMO9963217,70.0
636093305,NORWALK,IMO9290464,71.0
366904940,PAUL R TREGURTHA,IMO7729057,70.0
352002132,DAFENGGANG HESHUNHAO,IMO9188805,70.0
563295000,CEMTEX FORTUNE,IMO9727106,70.0
367124980,BEN CHERAMIE,IMO9271200,70.0
477389500,FORTUNE WING,IMO9479022,70.0
367082220,STR WILFRED SYKES,IMO5389554,70.0
538011344,VIRGO,IMO9650925,70.0
377901012,TRANSPORT,IMO7122572,70.0
636017514,MSC CORNELIA,IMO9426817,74.0
366840000,HARVEY CHAMPION,IMO9581289,70.0
366138000,HARVEY DISCOVERY,IMO9388144,79.0
316033814,SEASPAN RELIANT,IMO9764233,74.0
367710550,MS NANCY,IMO9772979,70.0
316036089,ALGOMA SAULT,IMO9619282,70.0
338121000,LURLINE,IMO9814600,71.0
636023371,SEABOARD GEMINI,IMO9969625,70.0
538008020,MAGIQUE MARLINE,IMO9473597,70.0
538010925,GOLDEN ERLING,IMO9955571,70.0
366938760,SAM LAUD,IMO7390210,70.0
563208400,DA TAI,IMO9608386,70.0
246265000,ORANJEBORG,IMO9232797,70.0
275543000,VIOLET,IMO9962976,70.0
256982000,BURGUNDY,IMO9372872,74.0
367668280,CAPT ROD,,75.0
209423000,MARIA H,IMO9247754,70.0
352853000,MSC LONDON,IMO9606302,70.0
256855000,CMA CGM DALILA,IMO9450624,73.0
636022635,HUTTON,IMO9311787,74.0
636017870,DONINGTON,IMO9748291,70.0
636016600,AEOLOS,IMO9670901,70.0
538011342,AGIOS NEKTARIOS I,IMO9515759,70.0
368359690,ECO EDISON,IMO1035894,70.0
367651380,ELK,IMO9724295,70.0
577532000,SEA FALCON,,70.0
477893400,ONE COSMOS,IMO9388340,71.0
367746000,FAST RUNNER,IMO9624885,70.0
311001247,CHANNEL PEARL,IMO9644550,70.0
229760000,ALDA,IMO9638135,70.0
366971370,EDWIN H GOTT,IMO7606061,70.0
563163400,EVER FRANK,IMO9850587,74.0
366905890,JAMES R BARKER,IMO7390260,70.0
366904930,HERBERT C JACKSON,IMO5148417,70.0
366971350,PHILIP R CLARKE,IMO5277062,70.0
255806520,MSC GISELLE,IMO9720196,71.0
538008404,FEDERAL ST LAURENT,IMO9838462,70.0
367422000,DELAWARE EXPRESS,IMO9349514,70.0
311008600,VIOLET ACE,IMO9395630,70.0
538007837,FEDERAL NAGARA,IMO9805257,70.0
367658610,BROOKE,IMO9704295,70.0
636021190,EVER FOND,IMO9850848,70.0
367341340,MR ALEX,,70.0
671830000,HARDSHIP,IMO8126549,70.0
305598000,RUDOLF,IMO9535591,70.0
563192100,FRANZISKA SCHULTE,IMO9709245,70.0
229215000,ORHAN,IMO9625451,70.0
366793000,MATSON KODIAK,IMO8419166,70.0
368099430,AXIS,IMO9700988,70.0
241625000,ALPHA PRIDE,IMO9827528,70.0
338127187,FIREBOAT PHOENIX,,70.0
304940000,GRACE,IMO9197442,70.0
338058000,ARC INTEGRITY,IMO9332949,70.0
257480000,OSLO BULK 8,IMO9485813,70.0
367186630,GLORIA A,IMO7011632,70.0
368189190,DUKE,IMO9264623,70.0
636093031,BSG BAHAMAS,IMO9439498,70.0
373605000,TBC PROGRESS,IMO9489821,70.0
354015000,SAIKAI MARU II,IMO9906790,70.0
375902000,TROPIC SUN,IMO9039016,70.0
636021004,GSL LALO,IMO9330525,70.0
372627000,MORNING LILY,IMO9446013,70.0
256948000,CMA CGM POINTE-NOIRE,IMO9975246,70.0
338225000,HARVEY ENERGY,IMO9654220,70.0
371228000,MSC PAMELA,IMO9290531,71.0
255806521,MSC MAXINE,IMO9720287,71.0
368146000,PRESIDENT GRANT,IMO9938339,70.0
366954010,GOL WORKER,IMO9297747,70.0
636022657,MSC DOMNA X,IMO9120841,71.0
636022208,WECO ESTHER,IMO9951654,70.0
636093140,AL MANAMAH,IMO9349538,71.0
636024188,BORDEAUX,IMO9483229,70.0
366791000,GEORGE II,IMO7729461,70.0
367507790,HARVEY SUPPORTER,IMO9581227,70.0
477348300,SEASPAN BEYOND,IMO9739678,74.0
366606000,HAWAII RESPONDER,IMO9043897,70.0
432666000,AEGEAN HIGHWAY,IMO9464388,79.0
303244000,COASTAL PROGRESS,IMO8855463,70.0
636014199,CMA CGM LAPIS,IMO9386495,70.0
367612490,HOS CALEDONIA,IMO9647629,70.0
367610650,IRISH,IMO9721841,70.0
255806182,INDUSTRIAL CONSTANT,IMO9810343,79.0
311057100,CSL TACOMA,IMO9640956,70.0
345090026,HOS RIDGEWIND,IMO9260706,79.0
477607700,OOCL TOKYO,IMO9310238,73.0
367433790,GOL BRAVE,IMO9578737,70.0
316026694,CSL ST-LAURENT,IMO9665281,70.0
316001633,CSL ASSINIBOINE,IMO7413218,70.0
374032000,ATLANTIC TONJER,IMO8205620,70.0
366904910,KAYE E BARKER,IMO5097450,70.0
367750000,HARVEY SUPPLIER,IMO9388118,70.0
367510770,SEA SERVICE 1,IMO1236101,70.0
538009707,NYK LAURA,IMO9406752,72.0
538008204,OLEANDER,IMO9827334,70.0
538004056,GIORGOS B,IMO9459383,70.0
245227000,SOMERS ISLES,IMO9375147,79.0
255806450,GOLDEN CITRUS,IMO9663740,70.0
477214400,GERHARD SCHULTE,IMO9328481,71.0
229203000,DENSA FALCON,IMO9649081,70.0
368113590,SAN JUAN CHARGER,,70.0
368067670,WADMALAW,,70.0
311921000,MORNING COURIER,IMO9285639,70.0
367432220,SCARLETT ISABELLA,IMO9585077,79.0
368294650,ENTERPRISE,,70.0
356701000,SALAMINA 1,IMO9567245,70.0
636023342,OOCL BREMERHAVEN,IMO9979254,70.0
354196000,BUNUN ACE,IMO9628570,70.0
477871500,ZIM SAMMY OFER,IMO9931094,71.0
305176000,MIRANDA,IMO9344394,70.0
229257000,BOGDAN,IMO9905710,70.0
316206000,ATLANTIC HURON,IMO8025680,70.0
368627000,SUBSEA RESPONDER III,IMO9214915,70.0
538006434,FEDERAL BISCAY,IMO9697856,70.0
352001401,FEDERAL PASSION,IMO9926049,70.0
255915938,BULK PROMISE,IMO9666510,70.0
538010159,CL XUCHANG,IMO9943578,75.0
311000898,CSL KOASEK,IMO9710567,70.0
367304000,ODYSSEA SQUIRE,IMO9302267,70.0
311000368,CSL SPIRIT,IMO9138111,70.0
311000859,AFRICAN LOON,IMO9748071,70.0
366812000,BRUTUS,,70.0
538011301,BRAVO,IMO9376385,70.0
230186000,MIDAS,IMO9002659,79.0
371210000,CENTURY BRIGHT,IMO9694866,70.0
636017898,CHARLES,IMO9595175,70.0
367419770,MS JANE,IMO8978150,70.0
366779000,CAPE ISLAND,IMO7390131,70.0
354315000,MSC TOMOKO,IMO9309461,70.0
563189400,SEACON TOKYO,IMO9941958,70.0
636024119,HMM RUBY,IMO9955246,71.0
564879000,CRIMSON EMPRESS,IMO9485021,70.0
316004950,SAGINAW,IMO5173876,70.0
636023726,LEOPOLD STAFF,IMO9272228,70.0
366734000,CAPE ISABEL,IMO7390129,70.0
316041768,DISCOVERY SERVER,,79.0
367380320,HARVEY RAIDER,IMO9555759,70.0
255806337,BENJAMIN CONFIDENCE,IMO9713234,70.0
367689970,CARIBOU,IMO9724283,70.0
367121010,AMERICAN CENTURY,IMO7923196,70.0
338078000,MAERSK ATLANTA,IMO9348649,74.0
636021462,EVER FULL,IMO9850903,70.0
316011710,ALGOMA HARVESTER,IMO9613939,70.0
636093249,TABIT,IMO9983229,70.0
373746000,NEW COMMANDER,IMO9610652,70.0
367606280,THERESE DANOS,IMO9097135,70.0
477392200,JUNE LOONG,IMO9523299,70.0
366478000,VOYAGER,IMO9132296,70.0
257366000,HOEGH ST PETERSBURG,IMO9420045,70.0
636016205,LAKE TAUPO,IMO9289908,79.0
247341700,GRANDE ABIDJAN,IMO9680712,70.0
477346500,HENRIKA SCHULTE,IMO9535163,72.0
305161000,EVA,IMO9435105,70.0
477978700,CLEARWATER BAY,IMO9606534,70.0
354149000,G POSEIDON,IMO9445394,79.0
566923000,BELLINA COLOSSUS,IMO9552977,74.0
368076650,GO LIBERTY,IMO9555761,70.0
338068000,SQUALL,IMO9690391,70.0
366970330,CHERAMIE BOTRUC 39,IMO9320166,79.0
357147000,SUPREME ACE,IMO9610391,70.0
412032000,WU ZHU HAI,IMO9494371,70.0
255805550,PACIFIC HUMILITY,IMO9423633,70.0
309373000,SWIFT ARROW,IMO8918239,79.0
441903000,ORIENTAL LEADER,IMO9633135,70.0
636018939,CHESTNUT,IMO9477866,70.0
367050550,STEWART J CORT,IMO7105495,70.0
413349820,QIAN KUN,IMO9432165,70.0
366841000,CAPE RAY,IMO7530810,70.0
356565000,MOL PREMIUM,IMO9444261,71.0
477274700,OOCL NEW YORK,IMO9198109,72.0
367313160,SAN JUAN ENTERPRISE,,70.0
441156000,GLOVIS SUPERIOR,IMO9674189,70.0
244750595,PLANTIJNGRACHT,IMO9424572,70.0
368237180,GO ADVENTURER,IMO9643087,70.0
352002593,VICTORIAN TRADER,IMO9945526,70.0
367348000,US GOVERMENT VESSEL,IMO8302442,79.0
304921000,PELAGIC EXPRESS,IMO9390381,70.0
636023059,GSL EFFIE,IMO9260433,71.0
305533000,HILKE,IMO9501875,70.0
304598000,CARIBE LEGEND,IMO9061289,70.0
563197900,MH PERSEUS,IMO9967433,70.0
352001169,SIRIOS CEMENT III,IMO9373606,70.0
563146800,PROPEL PASSION,IMO9473676,79.0
477135600,COSCO EXCELLENCE,IMO9472189,71.0
538009356,SSI DILIGENT,IMO9919022,70.0
367605680,BOBCAT,IMO9555773,70.0
477713100,LUENHO,IMO9715220,79.0
218284000,KUALA LUMPUR EXPRESS,IMO9343730,71.0
368013860,PAUL CANDIES,IMO9679725,70.0
431058000,MARVELOUS ACE,IMO9293519,70.0
367602710,ABI C,IMO9370692,70.0
366088000,THUNDER,IMO9684847,70.0
257512000,HOEGH YOKOHAMA,IMO9185451,70.0
209782000,PEGASUS,IMO9611242,70.0
257427000,LUNITA,IMO9685621,70.0
249231000,KAVO PERDIKA,IMO9584889,70.0
369390000,MAERSK TENNESSEE,IMO9314210,71.0
367612480,HOS CROCKETT,IMO9647617,70.0
538010441,NEVER ON SUNDAY,IMO9952232,70.0
256785000,ASTAKOS,IMO9552343,70.0
636018069,NAVIOS UNISON,IMO9408853,71.0
352004595,AFRICAN PEACOCK,IMO1013664,70.0
441265000,SN OPAL,IMO9392810,70.0
305350000,K-STORM,IMO9389435,79.0
352003813,SW NORTH WIND I,IMO9514004,70.0
354857000,TAI STAR,IMO9774460,70.0
367493450,ODYSSEA VALOR,IMO9555620,78.0
351237000,KM HAKATA,IMO9659830,70.0
367082230,JOSEPH L BLOCK,IMO7502320,79.0
366014000,ODYSSEA KNIGHT,IMO9302279,70.0
355572000,RUBY ENTERPRISE,IMO9774032,70.0
636018137,AAL KEMBLA,IMO9498353,79.0
636017077,SOPOT,IMO9727522,70.0
368099390,BIGHORN,IMO9670080,70.0
431772000,ONE OWL,IMO9741449,70.0
316044371,HARVEST SPIRIT,IMO9655951,70.0
538007722,GENCO MADELEINE,IMO9705976,70.0
257672000,TARAGO,IMO9191321,70.0
374158000,EVER FOCUS,IMO9850537,74.0
232013516,SPIRIT OF AUCKLAND,IMO9360752,70.0
636018931,SEATRADE GREEN,IMO9810915,79.0
354747000,TBC PRIME,IMO9618501,70.0
244820055,ROERBORG,IMO9592599,79.0
477940400,CL SHAOYANG,IMO9953341,70.0
368315650,C TRUC 9,IMO9199373,70.0
538010258,SUBSEA RESPONDER 1,IMO9201645,70.0
477915900,PEKIN,IMO9721566,70.0
366870320,CATALINA,,79.0
367581990,MS SOPHIA ROSE,IMO8964472,70.0
366215000,CAPE SAN BLAS,IMO9296353,74.0
563084400,CHASTINE MAERSK,IMO9219800,71.0
338281000,GEMI,IMO9704283,70.0
636021020,MH PHOENIX BEAUTY,IMO9455894,70.0
368112890,KAHANA II,IMO8964903,70.0
255806485,MSC SAGITTA III,IMO9401166,79.0
538003274,MATSON OAHU,IMO9352406,79.0
367581980,MS EMELIE ROSE,IMO9260794,79.0
441301000,WOOYANG DANDY,IMO9455648,70.0
538010927,ETHRA 1,IMO9414759,70.0
367611250,REBEL,IMO8987864,70.0
477836900,ONE ORINOCO,IMO9937311,74.0
311000321,HELIOS HIGHWAY,IMO9690547,70.0
477025500,JNS OCEAN,IMO1044508,70.0
368179260,MILLIE,IMO9732498,79.0
210266000,KOULITSA 2,IMO9639684,70.0
377901104,TROPIC FREEDOM,IMO9809928,70.0
352001920,SILVER SKY,IMO9448140,70.0
303829025,CAPE SAN JUAN,IMO9578971,70.0
636018304,SIEM ARISTOTLE,IMO9841029,70.0
366584000,MEGAN,IMO9591648,70.0
367121040,AMERICAN COURAGE,IMO7634226,70.0
210069000,CYMONA GLORY,IMO9510694,70.0
241821000,DESERT FAITH,IMO9942067,70.0
316002280,ALGOMA CONVEYOR,IMO9619268,70.0
255806254,KLARA OLDENDORFF,IMO9849007,70.0
303584000,MAUNALEI,IMO9273686,70.0
255806487,NORDULTRA,IMO9705146,70.0
538009565,MARBELLA CARRIER,IMO9063653,70.0
477652300,COSCO ENGLAND,IMO9516428,71.0
352003898,STAR EARENDEL,IMO9989950,70.0
354950000,ANSAC SESODA,IMO9470791,70.0
367132000,HARVEY LIBERTY,IMO9654244,70.0
367704540,COASTAL STANDARD,IMO9782493,70.0
431113000,NSU OBELISK,IMO9675664,70.0
256570000,SANTA VIOLA,IMO9295373,71.0
636017470,ETRON,IMO9718038,70.0
257264000,DON QUIJOTE,IMO9138525,70.0
249167000,CMA CGM OHIO,IMO9722687,71.0
366911650,GOL POWER,IMO8980701,70.0
538009130,GENCO MAYFLOWER,IMO9714680,70.0
304972000,ALDEBARAN J,IMO9349186,79.0
538006814,CP CHONGQING,IMO9710517,70.0
538004997,CITRIODORA,IMO9613305,70.0
367602890,GRAND ISLE,IMO9703746,70.0
367390890,SPENCER PHILIP,IMO8741703,70.0
367622850,FMS ENDURANCE,IMO9209075,70.0
354751000,ORCA I,IMO9318113,70.0
636022893,CHIQUITA EXPLORER,IMO9304966,70.0
367510030,MS MEGGIE,IMO9373759,70.0
303829026,CAPE SABLE,IMO9578983,70.0
271052065,DENAK D,IMO9336036,70.0
311000732,STAR TOPAZ,IMO9843364,70.0
269056000,CURIA,IMO9710048,70.0
305024000,ONEGO BAYOU,IMO9369069,70.0
246634000,ERIEBORG,IMO9463437,70.0
636017072,SZARE SZEREGI,IMO9708057,70.0
477941300,CL HUAIHUA,IMO9953353,70.0
212370000,JUAN DIEGO,IMO9189574,70.0
352002924,KATAGALAN ACE,IMO9950521,70.0
538004109,AVALON,IMO9585728,70.0
636022718,ADASTAR,IMO9701231,70.0
636024654,ZIM ALBATROSS,IMO9960540,79.0
345090012,HOS SWEET WATER,IMO9495545,70.0
636020502,GLOBAL FOREST,IMO9883728,70.0
440388000,PAN TALISMAN,IMO9875056,70.0
368230820,GO EXPLORER,IMO9469405,70.0
338196000,STORM,IMO9717711,70.0
636023250,YM WELLSPRING,IMO9757230,74.0
215189000,CMA CGM FLORIDA,IMO9348704,75.0
256190000,CLACTON,IMO9979498,79.0
373879000,AQUAMARINE SW,IMO9597666,70.0
366987890,CAPT RUDY,IMO9337420,70.0
369330000,YOUNGS TIDE,IMO9693537,70.0
538006067,ANTIGONI,IMO9180918,70.0
354225000,PERSEUS,IMO9723631,70.0
636093086,OKEE HENRI,IMO9347279,70.0
538004092,ATTALIA,IMO9423360,70.0
367599260,SARGASSO,IMO9712058,70.0
538009034,SSI ENDEAVOUR,IMO9883053,70.0
538010283,ATLANTIC ACTION II,IMO9509633,71.0
356068000,WIND SCYLLA,IMO9698939,79.0
368836000,BOB HOPE,IMO9085297,70.0
355488000,DELHI HIGHWAY,IMO9536959,70.0
316011905,ROBERT S PIERSON,IMO7366403,79.0
368035830,GOL FORCE,,71.0
311832000,WARMIA,IMO9285146,70.0
368357320,MS TAYLOR,IMO8975287,70.0
366987000,REGULUS,IMO7302897,70.0
304010983,INDUSTRIAL AIM,IMO9204934,79.0
219032916,CAPE SOREL,IMO9969869,70.0
636018242,MSC SWEDEN VI,IMO9231262,70.0
477717800,CS WU HAN,IMO9874715,70.0
367596850,HOS BAYOU,IMO9647681,70.0
352003208,ECO TRADER,IMO9989261,70.0
477035500,TCLC QUANZHOU,IMO9780615,70.0
218426000,HONG KONG EXPRESS,IMO9501356,71.0
372734000,STARDOM WAVE,IMO9767467,70.0
563004600,KALAMAZOO,IMO9611058,71.0
477168600,SELO,IMO9543251,70.0
367635140,AVERY ISLAND,IMO9730311,70.0
229454000,CMA CGM HERMES,IMO9882499,71.0
367313120,ALEXANDRA DANOS,IMO1603447,70.0
538004843,BAYRAKTAR UNITY,IMO9452517,70.0
368324460,HOS BERETTA,IMO9347346,70.0
246547000,ONEGO DUERO,IMO9580780,70.0
636022285,PARALOS,IMO9325099,70.0
241693000,DESERT HONOUR,IMO9861330,70.0
256572000,CMA CGM F.SAGAN,IMO9356696,71.0
367630990,SOLOMON,IMO9724233,70.0
367668680,BISON,IMO9724271,70.0
538010304,PEARL ETERNITY,IMO9950416,70.0
367111870,BERTHA D,IMO9399442,70.0
477454300,HUAYANG SUNRISE,IMO9431898,70.0
563187700,GCL MOBILE,IMO9957488,70.0
477397800,COSCO HARMONY,IMO9472177,70.0
367832000,CHARLES L GILLILAND,IMO7227205,70.0
368087080,T.R. STONE,,79.0
636019986,YM TIPTOP,IMO9860946,71.0
636020122,AQUAPISCES,IMO9757022,70.0
209641000,CAMPECHE BAY,IMO9167980,70.0
367585910,HOS CAROLINA,IMO9647576,70.0
477669100,POYANG,IMO9721580,70.0
228451700,MARIUS,IMO9802504,71.0
367612310,HOS BLACK FOOT,IMO9647693,70.0
311057300,RT HON PAUL E MARTIN,IMO9600970,70.0
367691280,ROBIN,IMO9732474,70.0
366999509,CG HAMMER,,75.0
311072400,RCC COMPASS,IMO9441611,70.0
367340990,CALUMET,IMO7329314,70.0
314483000,ASKIO,IMO9848649,70.0
368682000,COASTAL TRADER,IMO5408491,70.0
367330830,ODYSSEA DARWIN,IMO9343120,70.0
367535950,OCEAN GIANT,IMO9437335,79.0
538010905,HAATO,IMO9589786,79.0
316001701,JOHN D LEITCH,IMO6714586,70.0
636021177,FORTUNE COOKIE,IMO9908449,70.0
366231000,CAPE ARUNDEL,IMO9126297,79.0
636018152,PRINCESS SUIHA,IMO9810965,70.0
538009018,KRINI,IMO9858345,70.0
367619370,WHITETAIL,IMO9717307,70.0
374785000,DONA BIBI,IMO9600619,79.0
305246000,INDUSTRIAL KATHARINA,IMO9435129,71.0
636022974,SEABOARD GALAXY,IMO9970959,70.0
338929000,SEAY,IMO9116838,70.0
538007571,SEAPEARL,IMO9594468,70.0
226324000,MARFRET GUYANE,IMO9362334,71.0
368338580,HOS MAUSER,IMO9515852,79.0
256566000,CASTILLO DE NAVIA,IMO9722974,70.0
367602790,HANNAH C,IMO9095096,70.0
368269780,GO GLORY,IMO8998112,70.0
305063000,BBC TEXAS,IMO9388883,70.0
477891200,GERNER MAERSK,IMO9359002,71.0
305413000,SOPHIA,IMO9467017,70.0
367370000,US GOVT VESSEL,IMO8302466,79.0
311003500,CSCC TIANJIN,IMO9361835,70.0
566073000,ELIZABETH,IMO9593282,70.0
308015000,MOL CHARISMA,IMO9321249,71.0
636017878,MSC IZMIR F,IMO9127021,70.0
563051400,MONTE ROSA,IMO9283215,79.0
255806481,INDEPENDENT QUEST,IMO9246700,70.0
367103140,MARC C,,70.0
636093175,TAYMA EXPRESS,IMO9525895,71.0
356548000,NEW JOURNEY,IMO9689794,70.0
477202300,EXPLORER OCEANIA,IMO9717333,70.0
538011233,YOGA,IMO9790921,70.0
354543000,BETTY K VI,IMO8801216,70.0
352003525,LOWLANDS AMBITION,IMO9947287,70.0
636021321,UTE,IMO9320685,70.0
352915000,HEROIC ACE,IMO9252216,70.0
538002841,GENCO PICARDY,IMO9301720,70.0
636020655,KAGAWA MARU,IMO9885075,70.0
311000991,BTG ULRIKEN,IMO9887346,70.0
219699000,MAERSK ASSISTER,IMO9193783,79.0
255806070,AS FLORETTA,IMO9395056,71.0
338789000,PERLA DEL CARIBE,IMO9680853,70.0
257470000,OSLO BULK 5,IMO9485796,70.0
440253000,MORNING MENAD,IMO9318515,70.0
303348100,JOHN W BROWN,IMO8862739,70.0
255802970,CYGNUS,IMO9197428,70.0
229677000,JASMINA D.,IMO9611292,70.0
368364550,GO COSMOS,IMO9665334,70.0
416482000,EVER LOGIC,IMO9604081,74.0
636020793,MSXT THALIA,IMO9929326,70.0
311046100,PODLASIE,IMO9346811,70.0
577482000,NFE CLEAN ENERGY,IMO9315513,70.0
215677000,RIZE,IMO9584035,70.0
367721220,OCEAN GLORY,IMO9681833,70.0
355716000,FEDERAL ICON,IMO9908463,70.0
477105600,OOCL ASIA,IMO9300790,70.0
316013941,TYEE TITAN,,71.0
477598800,COSCO HOPE,IMO9472165,79.0
371965000,MSXT ARTEMIS,IMO9723215,70.0
563029900,TAIPEI TRIUMPH,IMO9737498,74.0
367773540,LUCY,IMO9732486,70.0
338753000,SEACOR BRAVE,IMO9753519,70.0
232055837,BERGE BEN NEVIS,IMO9782974,70.0
636024140,XH DREAM,IMO9868900,70.0
477030700,COSCO FRANCE,IMO9516416,71.0
232047535,GLOBAL GREEN,IMO9963293,70.0
368086880,FALCON,IMO8964769,70.0
563073700,MAERSK MEMPHIS,IMO9348651,71.0
257532000,STAR ISMENE,IMO9182966,70.0
370363000,SEVEN SEAS HIGHWAY,IMO9238521,70.0
636093270,AS CASPRIA,IMO9399753,71.0
353156000,EGRET RIVER,IMO9708978,70.0
431888000,ONE WREN,IMO9784776,70.0
304906000,DIANA J,IMO9344239,70.0
636022882,NORVIC COPENHAGEN,IMO9968956,70.0
367339130,MS MEGAN,IMO8660117,70.0
368162610,THE SENATOR,,70.0
370295000,GLOBAL MERMAID,IMO9392157,70.0
352898696,NORD ALLEGRO,IMO9914498,70.0
351090000,CCS ORCHID,IMO9718997,70.0
636023742,C-INSPIRATION,IMO9604782,70.0
538004245,FEDERAL YOSHINO,IMO9218416,70.0
338189000,BREEZE,IMO9684835,70.0
255801370,NACC POROS,IMO9600592,70.0
636022128,MEDI EOLIE,IMO9728186,70.0
357338000,CORONA ROYAL,IMO9667356,70.0
538006242,NEW ORLEANS,IMO9743265,70.0
563006800,MAERSK SHAMS,IMO9726669,70.0
367585550,CHRIS R,IMO0000162,70.0
229982000,BRIGHTON,IMO9966817,70.0
477019500,JNS RIVER,IMO1045227,70.0
636019659,OCEAN AMBITION,IMO9883364,70.0
538008992,JP CARETTA,IMO9442835,79.0
538010278,CL JIUJIANG,IMO9938781,70.0
369463000,US GOV VESSEL,IMO9647526,70.0
538004652,TWINKLE ISLAND,IMO9512367,70.0
229204000,DENSA SEA LION,IMO9649079,70.0
246556000,ARNEBORG,IMO9333539,70.0
636024204,PIA EXPRESS,IMO9113202,70.0
255806367,MSC CHARLESTON,IMO9299537,71.0
205700000,LA STELLA,IMO9748368,70.0
538008493,SCORPIO CONFIDENCE,IMO9878357,70.0
538006309,BELGRANO,IMO9708992,70.0
232017152,AFRICAN FLAMINGO,IMO9802322,70.0
636018831,IOANNIS K,IMO9706774,70.0
538005042,MUKADDES KALKAVAN,IMO9365829,79.0
564794000,THOR MADOC,IMO9291389,70.0
563155200,YM TROPHY,IMO9789996,72.0
538011230,CYMONA EAGLE,IMO9985801,70.0
538008347,ELECTRA.GR,IMO9834844,70.0
538010541,NEHIR,IMO9969120,70.0
563053200,NORD KANMON,IMO9782649,70.0
366771000,ALLIANCE FAIRFAX,IMO9303546,70.0
636093156,BREMEN EXPRESS,IMO9343728,72.0
373821000,ULTRA ESTERHAZY,IMO9643946,70.0
352003983,NEREUS HIGHWAY,IMO9974101,70.0
249769000,TALOS,IMO9728930,71.0
538006680,IOKASTI GS,IMO9748722,70.0
367852000,MCLEAN,IMO9552006,70.0
209277000,PEDHOULAS CEDRUS,IMO9758416,70.0
566949000,EVER LEGEND,IMO9604093,74.0
366904890,HON JAMES L OBERSTAR,IMO5322518,70.0
232025145,ANGLO MARIE LOUISE,IMO9490492,79.0
345040013,SAN GUILLERMO,IMO7636080,70.0
538008696,HALIFAX EAGLE,IMO9855862,70.0
538005694,TOMINI KAIMAI,IMO9709269,70.0
212583000,EL MATADOR,IMO9750048,70.0
636093182,AIN SNAN EXPRESS,IMO9525869,71.0
367754650,MARCELLE BORDELON,IMO9350379,70.0
338846000,LEROY A. MENDONCA,IMO9147320,70.0
636024288,STAR SYDNEY,IMO9699373,70.0
636016288,STAR MISTRAL,IMO9684225,70.0
538010926,BATMAN,IMO9657404,70.0
218400000,MSC LA SPEZIA,IMO9461403,71.0
303923000,CAPE VICTORY,IMO8211306,70.0
311000243,AFRICAN RAVEN,IMO9700287,70.0
371895000,BALSA 91,IMO9616058,74.0
367637920,GERRY BORDELON,IMO9607538,70.0
305718000,BBC AMETHYST,IMO9504724,70.0
368231080,NORTHERN STAR,,70.0
566482000,APL YANGSHAN,IMO9462031,71.0
538006378,ARGONAUT,IMO9717694,70.0
308397000,H A SKLENAR,IMO8007793,70.0
368264720,HOS RUGER,IMO9385269,70.0
366605000,SEAWARD ENDEAVOR,IMO9043885,70.0
563000500,MAERSK SYDNEY,IMO9289958,70.0
352003693,ULTRA LANIN,IMO9984493,70.0
636093231,BBC CERES,IMO9972490,70.0
636022858,AURORA BOREALIS,IMO9957608,70.0
356660000,MARTIN ISLAND,IMO9681704,70.0
636022780,XIN XIANG SEA,IMO9954967,70.0
431073000,ONE CYGNUS,IMO9806081,71.0
303890000,NELSON V. BRITTIN,IMO9193575,70.0
538010510,AGIA MARINA,IMO9700562,70.0
352002997,MAERSK MAMMOTH,IMO9928229,70.0
366985000,FISHER,IMO9116826,70.0
636015710,KYRA PANAGHIA,IMO9647277,79.0
356946000,MSC VANESSA,IMO9251688,72.0
636020884,AHSOKA,IMO9669976,79.0
477390100,HUANGHAI STRUGGLER,IMO9695224,70.0
636024673,HMM TURQUOISE,IMO9955296,70.0
477057400,NING TAI HAI,IMO9751341,70.0
477166800,UNI SUNSHINE,IMO9811505,70.0
366839000,CAPE RISE,IMO7530808,70.0
538007951,APOLLON,IMO9828924,70.0
367612530,HOS CAROUSEL,IMO9672600,70.0
538007516,YIANNIS N.G.,IMO9701308,70.0
353619000,C S OLIVE,IMO9461075,70.0
538008955,DORYSIA,IMO9522910,70.0
368611000,NEPTUNE,,70.0
246308000,MITIQ,IMO9081306,70.0
368285000,ATLANTIC JOULE,IMO9407770,70.0
305656000,ONEGO OTRA,IMO9535606,70.0
338295000,CAPE CANAVERAL,IMO9877602,70.0
636022462,AMANI,IMO9729910,70.0
311000899,LAKE PEARL,IMO9401984,79.0
250002887,ARKLOW SPIRIT,IMO9649536,70.0
367190000,DENEBOLA,IMO7325253,70.0
305853000,BBC CORAL,IMO9563720,70.0
636018097,SM MUMBAI,IMO9401051,71.0
352003897,PAN RUBY,IMO9972531,70.0
256548000,CMA CGM PELLEAS,IMO9365788,71.0
367123560,KYLIE D,IMO8658102,70.0
357329000,JPS ELLI,IMO9763992,70.0
636021715,DL LAVENDER,IMO9657026,70.0
636022956,ZIM SCORPIO,IMO9963231,74.0
636019353,NSU YOUNG STAR,IMO9839026,70.0
367641230,MARJORIE C,IMO9619684,70.0
373663000,FEDERAL LYRA,IMO9668063,70.0
366766000,NORTHSTAR NAVIGATOR,IMO9407809,70.0
308122000,NEDERLAND REEFER,IMO9015199,70.0
367612330,HOS BLACK WATCH,IMO9647710,70.0
255806377,MSC TORONTO,IMO9299525,71.0
352003132,SUCCESS TRADER,IMO9937581,70.0
563196300,WAN HAI A11,IMO9941128,71.0
563077500,AOM SVEVA,IMO9852793,70.0
304909000,UNISKY,IMO9356414,79.0
249049000,IPSARION,IMO9985655,70.0
431120000,ONE MANEUVER,IMO9475648,72.0
367430980,HOS STRONGLINE,IMO9040534,70.0
352002496,VITALITY DIVA,IMO9951903,70.0
367003380,JEAN ANNE,IMO9233167,70.0
367612290,ELISE MARY,IMO9547647,70.0
636020212,VITAOCEAN,IMO9470492,70.0
373819000,LINDA D,IMO9261164,70.0
371185000,PLUTO LEADER,IMO9338890,70.0
538008172,YASA JUPITER,IMO9848132,70.0
356879000,UNITED SAPPHIRE,IMO9840972,70.0
636022149,XH HOPE,IMO9877925,70.0
563194900,WAN HAI A03,IMO9935105,70.0
255915878,LEFKES,IMO9658783,70.0
338055000,ALYSSA CHOUEST,IMO9530058,70.0
305066000,PIA,IMO9384318,70.0
538090538,DIONI.GR,IMO9827310,70.0
316023339,THUNDER BAY,IMO9601039,70.0
215804000,ATLANTIC SKY,IMO9670602,70.0
366100000,APPOMATTOX,,70.0
636022753,DELPHINUS LEADER,IMO9174282,70.0
303071000,GOL DIAMOND,IMO9514547,79.0
246614000,FLORETGRACHT,IMO9507611,70.0
636016848,SKYFALL,IMO9724752,70.0
538002980,GENCO HUNTER,IMO9368871,70.0
352001262,BOHOL ISLAND,IMO9926025,70.0
366716000,CAPE DIAMOND,IMO7208443,70.0
431766000,DEMETER LEADER,IMO9477921,70.0
367643740,HOS WARLAND,IMO9742704,70.0
636023154,TOP MARINE,IMO9995351,70.0
636016396,NAVIGATOR ATLAS,IMO9661558,72.0
215879000,CMA CGM NORMA,IMO9299812,74.0
255915963,S SAMBA,IMO9712486,70.0
377906000,TROPIC NIGHT,IMO7523673,78.0
303553000,TIMBALIER ISLAND,IMO9730309,70.0
367653540,STIM STAR IV,IMO9755090,70.0
477723600,XIN GUANG HUA,IMO9751573,70.0
538007348,CS JOLA,IMO9791896,70.0
538003692,TATE J,IMO9482770,70.0
538009121,AVRA.GR,IMO9755866,70.0
334979000,SARA REGINA,IMO9142655,70.0
352606000,IKAN PELATA,IMO9764104,70.0
367781000,MISSOURI EXPRESS,IMO9349552,70.0
412523920,JIU FENG LING,IMO9505443,70.0
255806492,MSC CATERINA,IMO9705005,71.0
368341940,PATIENCE LAB,IMO9563043,70.0
440292000,GLOVIS CHORUS,IMO9158604,70.0
538004217,HYUNDAI ULSAN,IMO9469895,70.0
538007659,DISCOVERER,IMO9577886,70.0
636020374,ADRIANA ROSE,IMO9727467,70.0
354918000,ORION OCEAN,IMO9738935,70.0
565380000,MAX SCHULTE,IMO9676711,70.0
371090000,PAVO BRAVE,IMO9894480,70.0
338731000,ROCKETSHIP,IMO9198501,70.0
338324000,HOS INNOVATOR,IMO9251808,70.0
210589000,MARATHASSA,IMO9698862,70.0
366893910,ALPENA,IMO5206362,70.0
212703000,CARIBBEAN FORCE,IMO9335161,70.0
563208500,DU JUAN SONG,IMO9608805,70.0
316033419,SEASPAN SWIFT,IMO9764221,79.0
367701480,HAWK,IMO8987840,70.0
477717300,PAC ACHERNAR,IMO9913676,70.0
215196000,CMA CGM CASSIOPEIA,IMO9410765,71.0
258009000,STAR LIVORNO,IMO9593907,70.0
538008969,PETRA,IMO9597630,79.0
636021161,MSC HONG KONG,IMO9231810,71.0
232018783,LAURENCE FRANCOISE,IMO9827061,70.0
477866600,SFL SARA,IMO9539834,70.0
304200000,BBC SCANDINAVIA,IMO9362633,70.0
366607000,SWIFT RESPONDER,IMO9043938,70.0
477293900,CSCL SUMMER,IMO9645865,71.0
563172600,CL NAKAMA,IMO9942031,70.0
369223000,C-LEADER,IMO9273569,79.0
368305620,GENERAL ARNOLD,,70.0
565570000,MAERSK ALTAIR,IMO9342499,71.0
355745000,PRESTIGE ACE,IMO9213454,70.0
565747000,MAERSK ALFIRK,IMO9342516,71.0
255806038,NORTHERN JUBILEE,IMO9450337,78.0
538008883,GOLDEN CONFIDENCE,IMO9856488,70.0
563050800,AQUILA OCEAN,IMO9825520,70.0
538007899,CS CELESTE,IMO9670418,79.0
257435000,OSLO BULK 6,IMO9589968,70.0
538009455,DIAMOND GLOBE,IMO9828857,70.0
338721000,GREEN WAVE,IMO9981922,70.0
215930000,CMA CGM LAPEROUSE,IMO9454412,79.0
257761000,BOW CAROLINE,IMO9367554,70.0
377911000,TROPIC PALM,IMO7625964,70.0
304122000,PEGASUS J,IMO9355434,70.0
352003865,YELLOWBILL,IMO9977945,70.0
372712000,PHOENIX K,IMO9317365,70.0
538010700,PRISMA,IMO9461805,70.0
367186000,STATES TIDE,IMO9802425,70.0
636021786,SFL CONDUCTOR,IMO9293909,77.0
215139000,MARYAM D,IMO9740445,70.0
636024128,STAR SKY,IMO9399105,70.0
256003000,FOXTON,IMO9966582,70.0
338663000,C-PERFORMER,IMO9226267,70.0
369240000,PEYTON CANDIES,IMO9551507,70.0
538007036,ALPHA,IMO9489041,70.0
367612470,HOS CLEARVIEW,IMO9647605,70.0
316043882,ALGOMA INTREPID,IMO9773387,70.0
636021036,BALTIMORE EXPRESS,IMO9665621,71.0
538011428,CL SINGAPORE,IMO9716028,70.0
368251670,MARK W. BARKER,IMO9962445,79.0
304679000,BBC CAMPANA,IMO9291963,70.0
357847000,AMIS ELEGANCE,IMO9705421,70.0
538010139,DAFNI,IMO9438377,70.0
355077000,CLEAR SKY,IMO9663245,70.0
538008246,PORT SHANGHAI,IMO9423528,70.0
372321000,SIDER MOMPOX,IMO9656553,70.0
367840000,GARY I GORDON,IMO7234430,70.0
367276000,WASHINGTON CHAMBERS,IMO9551997,70.0
636021270,CHAILEASE VIRTUE,IMO9454280,70.0
338919000,KENNEDY,IMO6621662,70.0
367654230,ADRIATIC,IMO9724257,76.0
309822000,HON HENRY JACKMAN,IMO7926174,70.0
538006089,ROBERTA,IMO9700653,70.0
538009428,MONT FORT,IMO9582843,70.0
357777000,BUENA VENTURA,IMO9687215,70.0
538008994,WHEAT WEIFANG,IMO9883766,70.0
577608000,BETTY K VIII,IMO8410328,70.0
249364000,FORTE,IMO9592848,70.0
311044400,JACAMAR ARROW,IMO9007532,70.0
368352250,WARREN JR,,70.0
563080300,CD CALLAO,IMO9859313,70.0
246452000,SPAARNEGRACHT,IMO9202558,70.0
538009740,ORION GLOBE,IMO9634854,70.0
257482000,OSLO BULK 1,IMO9485758,70.0
271052023,YILDIZLAR 4,IMO9502568,70.0
431986000,ONE STORK,IMO9784788,70.0
354998000,ATROTOS HERACLES,IMO9668879,70.0
303284000,DISCOVERY,IMO9202302,70.0
354197000,AFRICAN JACANA,IMO9638824,70.0
419000182,JAG ADITI,IMO9478195,70.0
367189890,LOREN C,IMO1193859,70.0
538006275,CALYPSO N,IMO9711444,70.0
248912000,TOSCANA,IMO9398333,70.0
247293300,GRANDE GUINEA,IMO9437919,79.0
636021693,YM THRONE,IMO9792694,70.0
367789310,FANTASY ISLAND,IMO9788344,70.0
229347000,NBA MAGRITTE,IMO9512331,70.0
255802370,BOLTEN SINGAPORE,IMO9737357,70.0
367624350,STINGRAY,IMO7942764,70.0
636015902,CASTLEGATE,IMO9460318,70.0
563947000,STRATEGIC UNITY,IMO9648099,70.0
636020501,MSC TIANSHAN,IMO9305477,71.0
308976000,CSL METIS,IMO7926162,70.0
304330000,STINNES PASSAT,IMO9473248,79.0
352001553,TOKI HARMONY,IMO9926075,70.0
212040000,UBC TILBURY,IMO9416721,77.0
249949000,ST DIMITRIOS,IMO9401518,70.0
367070510,BLUEFIN,IMO8036586,70.0
372840000,SAKIZAYA INTEGRITY,IMO9780146,70.0
538008750,ARTEMIS BULKER,IMO9860673,70.0
371365000,KEN ANN,IMO9846158,70.0
377908000,TROPIC MIST,IMO8204183,70.0
477907100,ZIM MOUNT RAINIER,IMO9931135,71.0
368121540,RANDY S,IMO7301518,77.0
303436000,MELISSA C,IMO9043835,79.0
247342300,GRANDE LUANDA,IMO9724738,70.0
210102000,NAIAS,IMO9611254,70.0
368324450,HOS BENELLI,IMO9382865,70.0
369854000,LEWIS AND CLARK,IMO9271418,70.0
255915888,CORONA,IMO9391971,70.0
311033200,CS CRYSTAL,IMO9406128,70.0
477307800,GREAT VISION,IMO9728681,70.0
538011439,SEACOR FEARLESS,IMO9720897,70.0
368269770,GO TRIUMPH,IMO9702182,70.0
477019300,JNS SEA,IMO1038391,70.0
538008282,SIGMA PIONEER,IMO9543249,70.0
373607000,GLOBAL AMBITION,IMO9767015,70.0
367575520,HOS COMMANDER,IMO9647564,70.0
215507000,OCCITAN PESSAC,IMO9498286,70.0
311000421,CSL FRONTIER,IMO9228734,70.0
636093285,IQUIQUE EXPRESS,IMO9938456,70.0
636017746,KNIGHTSHIP,IMO9507893,70.0
209739000,CONTSHIP KEY,IMO9338278,71.0
636024277,NAVI LYRA,IMO9494747,70.0
548694000,LINDEN TRADER,IMO9867578,70.0
636020333,SAPHIRA,IMO9909209,70.0
366956290,CHERAMIE BOTRUC 38,IMO9189082,70.0
368183220,CAPT WOODROW,IMO1063439,70.0
367492110,ODYSSEA TITAN,IMO9399064,70.0
355137000,SILVER RAY,IMO9181376,74.0
367357000,CLAIRE CANDIES,IMO9452866,70.0
370333000,GRAMPUS CHARM,IMO9665932,70.0
367612520,HOS CEDAR RIDGE,IMO9672595,70.0
314779000,MARCELLIN A DESGAGNE,IMO9571387,79.0
564050000,ORINOCO,IMO9412476,70.0
323030103,PLUTON,IMO6814556,70.0
352002338,V TAURUS,IMO9496161,70.0
366906610,WALTER J MCCARTHY JR,IMO7514684,70.0
305089000,MONIKA,IMO9344370,70.0
538008053,GOLDEN PEARL,IMO9470375,79.0
636019245,CONTSHIP DON,IMO9347956,70.0
367438000,MAUNAWILI,IMO9268538,70.0
636092882,ADRIENNE,IMO9832509,70.0
338293000,OCEAN EVOLUTION,IMO9733167,70.0
636014459,OSLO TRADER,IMO9554676,70.0
636023978,CLARA B,IMO9304083,70.0
338744000,HERCULES,,70.0
477211100,MAERSK BAYETE,IMO9355355,72.0
368338570,HOS WEATHERBY,IMO9515840,70.0
305561000,ONEGO OLZA,IMO9511648,70.0
371590000,GLOBAL SUCCESS,IMO9584906,70.0
338517000,C-LIBERTY,IMO9320415,70.0
374101000,SAKIZAYA ELEGANCE,IMO9713806,70.0
352004100,AQUADONNA,IMO1013676,70.0
563059100,CASSIOPEIA OCEAN,IMO9837286,70.0
304109000,CARIBE VOYAGER,IMO9113721,70.0
305723000,PARADERO,IMO9368998,70.0
538004384,FEDERAL SEVERN,IMO9606821,70.0
563119600,OCEAN JADE,IMO9865922,70.0
368707000,US GOVERNMENT VSL,IMO9112727,70.0
345070411,HARVEY HURRICANE,IMO9536246,70.0
367622660,FMS COURAGE,IMO9207948,70.0
367530350,AET RESPONSIBILITY,IMO9643520,70.0
245953000,ARAGONBORG,IMO9466312,70.0
374718000,MELBA,IMO9199153,70.0
366518000,ODYSSEA PHOENIX,IMO9668154,70.0
538006420,RAINBOW N,IMO9488803,79.0
373932000,ONE HANGZHOU BAY,IMO9566394,73.0
367436750,HARVEY EAGLE,IMO9579901,70.0
368001940,CROSBY 8,,70.0
369533000,LIGHTNING,IMO9690389,70.0
368087000,C-CARRIER,IMO9205122,79.0
636018800,MAERSK KARLSKRONA,IMO9085558,79.0
305997000,SPIEKEROOG,IMO9506148,70.0
316001696,TIM S DOOL,IMO6800919,70.0
352003083,KATAGALAN BRAVE,IMO9950533,70.0
368344630,HOS PANTHER,IMO9529683,70.0
366851610,TM DILIGENCE,IMO8976475,70.0
636016678,FALCON TRIUMPH,IMO9717589,70.0
636017425,CORNEILLE,IMO9409170,72.0
257768000,OCEAN MARLIN,IMO9669213,79.0
366698000,CAPE DECISION,IMO7310911,70.0
258102000,BELMONT,IMO9744087,70.0
205789000,LA SELVA,IMO9846081,70.0
352002605,LOWLANDS SKY,IMO9933262,70.0
477906900,EASTERN VENTURE,IMO9978743,70.0
310764000,KOBE EXPRESS,IMO9143544,71.0
255805803,INDEPENDENT FUTURE,IMO9246712,79.0
351260000,ENERGY GLORY,IMO9518074,70.0
367468270,GATOR,IMO9603295,70.0
248556000,POLAR BRASIL,IMO9797216,74.0
316001836,CSL TADOUSSAC,IMO6918716,70.0
311001110,DELTA PEARL,IMO9401831,70.0
538008591,LEM VERBENA,IMO9845829,70.0
636021252,MSC BALTIC III,IMO9241475,79.0
352753000,FRANBO PROGRESS,IMO9510034,70.0
367657110,PECAN ISLAND,IMO9730323,70.0
563091000,TONGA CHIEF,IMO9614490,71.0
372516000,GRAND SAPPHIRE,IMO9325233,70.0
538006432,FEDERAL BERING,IMO9697832,79.0
366816910,TERRY BORDELON,IMO9260744,70.0
367436760,HARVEY ROVER,IMO9536258,70.0
338215000,GRIZZLY,IMO9752515,70.0
367596830,HOS CLAYMORE,IMO9647588,70.0
538003906,ARGO B,IMO9459371,70.0
477891700,MAERSK STEPNICA,IMO9352004,71.0
304416000,STAR COMET,IMO9242596,70.0
636021304,RIPLEY PROSPERITY,IMO9464417,79.0
636020647,ACRUX AMELIA,IMO9909194,70.0
636019407,GSL NINGBO,IMO9256482,70.0
538004740,MAPLE STAR,IMO9662370,70.0
316026695,CSL WELLAND,IMO9665279,70.0
367670000,HARVEY AMERICA,IMO9688477,70.0
367414810,MAX CHERAMIE,IMO9184122,70.0
316004370,G3 MARQUIS,IMO9613941,70.0
218427000,SHANGHAI EXPRESS,IMO9501368,71.0
338032000,AGNES CANDIES,IMO9679438,70.0
577406000,BALAM,IMO8813025,70.0
338034000,CAPE HOPE,IMO9292319,70.0
368348470,SAGUARO,IMO0000174,70.0
316023808,BAIE COMEAU,IMO9639892,70.0
209697000,CONTSHIP LEO,IMO9403451,70.0
538011205,NAVISION VINCENTZ,IMO9681871,79.0
271043028,KAAN KALKAVAN,IMO9365879,71.0
563079000,NYK ROMULUS,IMO9416989,70.0
477764600,COSCO PRIDE,IMO9472153,70.0
538005113,ALGOMA VISION,IMO9640944,70.0
538003946,IBIS BULKER,IMO9441324,70.0
311000327,POLAND PEARL,IMO9731236,70.0
316036419,MCKEIL SPIRIT,IMO9347023,70.0
368227830,BUNNY BORDELON,IMO9260756,70.0
372136000,SEA ALICE,IMO9146558,70.0
367606520,RAVEN,IMO9097123,70.0
367431830,KELLY ANN CANDIES,IMO9562427,71.0
636023062,KOSTAS K,IMO9260469,71.0
211887410,BUENOS AIRES EXPRESS,IMO9932476,74.0
477690800,SEASPAN FUZHOU,IMO9403009,71.0
636092863,AS PENELOPE,IMO9294537,71.0
309403000,DOLE COLOMBIA,IMO9185293,70.0
577358000,ISLAND VENTURE,IMO9721786,79.0
249837000,MARGARETE SCHULTE,IMO9302944,71.0
377907000,TROPIC JADE,IMO7800265,71.0
538006720,DSI ALTAIR,IMO9749245,70.0
367109110,STONE EXPLORER,,74.0
256737000,FORMENTERA,IMO9721413,70.0
367737720,ANGELA CHERAMIE,IMO8983222,70.0
477552400,SAFMARINE BENGUELA,IMO9355367,74.0
377901107,TROPIC HOPE,IMO9809904,70.0
563102100,GREEN SEA,IMO9865996,70.0
636020202,SCORPIUS,IMO9307279,70.0
377901111,TROPIC ISLAND,IMO9809916,70.0
636021529,MSC ALDEBARAN III,IMO9301990,71.0
577366000,MIDNIGHT TIDE,IMO8119974,70.0
367067370,CHRISTIAN CHOUEST,IMO9347334,70.0
538006303,SOPHIANA,IMO9738454,70.0
255915882,MSC MONTEREY V,IMO9349796,79.0
369209000,KAIMANA HILA,IMO9719068,70.0
677087000,HIMALAYA,IMO8410330,70.0
565449000,MAERSK SERANGOON,IMO9315214,71.0
636091487,PONTRESINA,IMO9334521,70.0
373310000,METIS LEADER,IMO9650743,70.0
369355000,GEORGE III,IMO9837092,70.0
636023268,MSC GIUSY,IMO9947134,74.0
255805897,MSC SASHA,IMO9720500,71.0
477106800,SEASPAN SAIGON,IMO9301809,71.0
210959000,GUADALUPE,IMO9330941,70.0
367141680,NATIONAL GLORY,IMO8302246,72.0
368099310,RED STAG,IMO9734977,70.0
563112700,ATLANTIC GLORY,IMO9536844,70.0
671960000,MARCO.VI,IMO7047203,70.0
255806037,NORTHERN JUVENILE,IMO9450349,79.0
310765000,LONDON EXPRESS,IMO9143568,71.0
538011221,JIUYANG BONANZA,IMO9330616,70.0
372682000,BALSA 93,IMO9616072,70.0
354530000,MSC CARMEN,IMO9349813,74.0
352306000,CARIB WARRIOR,IMO9666364,75.0
354508000,BOHWA QUANZHOU,IMO9311244,70.0
538003729,MOL MAJESTY,IMO9424912,73.0
368400000,DINO CHOUEST,IMO9382853,70.0
255803670,MSC NEW HAVEN,IMO9293777,71.0
636093239,ROSTRUM AUSTRALIA,IMO9941609,70.0
477462400,HERMANN SCHULTE,IMO9535187,70.0
246830000,ALAMOSBORG,IMO9466348,70.0
212917000,FOUMA,IMO9395082,70.0
477728400,MAERSK KARACHI,IMO9162215,71.0
636017539,SIEM CICERO,IMO9762534,79.0
431205000,EMINENT ACE,IMO9293571,70.0
255805688,RICARDA,IMO9693329,70.0
563191100,CFS HORIZON,IMO9366500,70.0
636092880,RAINER D,IMO9162679,79.0
319073100,NEMEA,IMO9711286,70.0
215654000,TONGALA,IMO9605786,70.0
311000558,NARIE,IMO9767728,70.0
636016847,SKYWALKER,IMO9724740,70.0
367587710,CELTIC,IMO9696814,70.0
370808000,MORNING LYNN,IMO9383429,70.0
351468000,CHAMPION III,IMO9550656,70.0
304840000,EMERALD EXPRESS,IMO9248332,70.0
304880000,GRAND EXPRESS,IMO9607887,70.0
477754600,MAERSK VENEZIA,IMO9344681,74.0
477947100,HUBERT SCHULTE,IMO9535204,70.0
477454600,QUEENA,IMO9736286,70.0
305230000,MINDORO,IMO9944730,71.0
311002500,G B CORRADO,IMO9314624,70.0
636018222,NYK DELPHINUS,IMO9337652,73.0
477907400,SOUTHERN VENTURE,IMO9978755,70.0
367514980,C-COMMANDER,IMO9132234,79.0
367593750,MALLARD,IMO9483815,79.0
368456000,BOB,IMO9529695,70.0
232044382,MAYE MANX,IMO9931549,70.0
355271000,ONE HONG KONG,IMO9395161,73.0
354662000,GRAND PHOENIX,IMO9284764,70.0
477965900,ZIM SPINEL,IMO9968035,70.0
352292000,COREWISE OL,IMO9636395,70.0
477116600,SHANDONG XIN FU,IMO1026506,70.0
316009457,KAMINISTIQUA,IMO8119285,70.0
244903000,SLUISGRACHT,IMO9202522,70.0
255806500,MSC NAOMI,IMO9704984,71.0
636020004,IRIS WAVE,IMO9875173,70.0
636092984,PONA,IMO9349875,79.0
368225930,MERMAID,,70.0
367739650,MAGGIE A,IMO9772981,70.0
367780870,SARAH BORDELON,IMO9350367,70.0
246789000,BULKER BEE 10,IMO9507087,70.0
538010202,HSL HONOLULU,IMO9950313,70.0
538007504,BRIGHT IMABARI,IMO9801316,70.0
215060000,ALLEGRA,IMO9519169,70.0
309253000,GRACEFUL LEADER,IMO9357303,70.0
316001940,FLORENCE SPIRIT,IMO9314600,70.0
373404000,MSC KATRINA,IMO9467445,71.0
563030500,MAERSK HALIFAX,IMO9784271,74.0
636013143,MSC CAGLIARI IV,IMO9318187,71.0
636022913,MARIT SELMER,IMO9609706,70.0
538008569,TREMOLA,IMO9460813,70.0
563211200,DUCHESS EMERALD,IMO9968360,70.0
636023438,BASIC SKY,IMO9982196,70.0
338002000,TUCKER CANDIES,IMO9577678,70.0
311000738,OCEAN PEARL,IMO9401829,70.0
538007486,HYUNDAI VOYAGER,IMO9347580,70.0
311000923,CMA CGM MARCO POLO,IMO9454436,79.0
305460000,BBC MICHIGAN,IMO9501241,70.0
367655260,SHELIA BORDELON,IMO9670638,79.0
538007280,NIKOLAS XL,IMO9311165,70.0
563090300,MAERSK EUREKA,IMO9501239,71.0
477257100,CSCL SPRING,IMO9645853,71.0
304839000,CARIBBEAN EXPRESS I,IMO9233727,77.0
212275000,UBC STOCKHOLM,IMO9426879,75.0
563146500,MAERSK IDAHO,IMO9193264,74.0
367196000,MOKIHANA,IMO7908005,70.0
311005700,MAZOWSZE,IMO9386914,70.0
366484000,JEAN PIERRE LAB,IMO9564308,70.0
210057000,FALMOUTH,IMO9266530,70.0
538090614,GOLDEN ISLE,IMO9709233,70.0
259164000,OSLO BULK 14,IMO9432490,79.0
305289000,CARIBE NAVIGATOR,IMO9116204,70.0
477118400,SAGA FREYA,IMO9502336,70.0
304822000,CAPE EXPRESS,IMO9521045,70.0
338172000,PRESIDENT MONROE,IMO9938365,71.0
636022781,XIN ZHENG SEA,IMO9954993,70.0
311055400,SZCZECIN,IMO9594224,70.0
311001590,BTG ELBERT,IMO9952440,70.0
229633000,CMA CGM CALLAO,IMO9395068,72.0
367495030,TODD G,IMO9202340,70.0
538001859,LYKTOS,IMO8401145,70.0
636017692,GLORIA,IMO9313307,70.0
374778000,CORE IMPERIAL,IMO9860740,70.0
311001384,CANADA PEARL,IMO9659749,70.0
577594000,NEWTON W.,IMO9207596,70.0
636016851,MSC JULIANA III,IMO9275036,79.0
255804880,GOTLAND,IMO9480136,79.0
368287410,LADY LINDA,,70.0
372805000,FLORIDA HIGHWAY,IMO9442861,70.0
538005330,GENCO LION,IMO9593464,70.0
371705000,COSTA V,IMO9840817,70.0
367123550,BRIANA MARIE,IMO8988442,70.0
477738500,OOCL LONDON,IMO9417268,70.0
477004700,COSCO VENICE,IMO9484405,71.0
636020168,SAN AMERIGO,IMO9344693,74.0
229463000,CMA CGM DIGNITY,IMO9897779,70.0
304071000,ELBTRAVELLER,IMO9675834,70.0
366978490,KOBE CHOUEST,IMO9328376,70.0
636093159,AS CLAUDIA,IMO9330549,71.0
636024485,CRONUS H,IMO9133410,70.0
374928000,CASTELLANOS I,IMO9746451,70.0
636020353,ROBIN 2,IMO9399739,79.0
372736000,MSC SINDY,IMO9336048,71.0
210749000,PACIFIC TRADER,IMO9406922,74.0
244730000,SCHELDEGRACHT,IMO9202510,70.0
341295000,DUKE OF TOPSAIL,IMO7206770,70.0
636093013,BELMONTE,IMO9687124,79.0
477629300,CL SHA HE,IMO9890654,70.0
368926301,USNS BLACK POWDER,IMO9472347,70.0
338174000,MS CHARLOTTE,IMO9704269,70.0
636092919,RDO CONCORD,IMO9401283,72.0
255915677,EMERALD CONFIDENCE,IMO9672234,70.0
353706000,IGUAZU HIGHWAY,IMO9827243,70.0
563161200,EVER FORWARD,IMO9850551,71.0
432839000,EURASIAN HIGHWAY,IMO9604938,70.0
352002238,SPRING LOTUS,IMO9942110,70.0
211256150,CHIQUITA FARMER,IMO9336189,71.0
477669500,HONEY ISLAND,IMO9755464,70.0
477706200,HONIARA CHIEF,IMO9861902,70.0
228468900,CMA CGM FORT JAMES,IMO9966764,79.0
352898806,BAHAMAS PEARL,IMO9356347,75.0
311001144,UNITY MOON,IMO9832432,70.0
538011304,MANTA KEREM,IMO9539535,70.0
338794000,ARC INDEPENDENCE,IMO9332925,70.0
338474000,MAERSK DETROIT,IMO9333034,74.0
538011103,YM SPLENDOUR,IMO9959424,70.0
376609000,ALLEGRO,IMO9142447,79.0
636017076,KARLINO,IMO9727510,70.0
366562000,MANOA,IMO7907984,70.0
563052700,CAP JERVIS,IMO9484572,74.0
367775000,MAERSK OHIO,IMO9298698,79.0
316053597,ALGOMA BEAR,IMO9619309,70.0
538009426,CRYSTAL OCEAN,IMO9897913,70.0
304824000,BBC SEBASTOPOL,IMO9812004,70.0
477950300,COSCO DEVELOPMENT,IMO9472139,74.0
247304200,GRANDE TOGO,IMO9465370,70.0
538007660,ADVENTURER,IMO9577898,70.0
352732000,CALIFORNIA HIGHWAY,IMO9574078,70.0
372697000,BALSA 85,IMO9580261,70.0
316018180,SUNNANVIK,IMO7633375,70.0
477929600,ZIM PEARL,IMO9967990,74.0
413360000,WU YI HAI,IMO9488217,70.0
477883900,CSCL LONG BEACH,IMO9314258,70.0
367645120,CAPE COD,IMO9744623,70.0
245890000,UAL AFRICA,IMO9529243,70.0
636018377,BULK CONCORD,IMO9516387,70.0
636017052,ORCINUS,IMO9467952,79.0
419001015,JAG AJAY,IMO9723849,70.0
577370000,MIDNIGHT CHIEF,IMO8115722,70.0
563471000,CLEMENS SCHULTE,IMO9665671,70.0
338760000,ISLA BELLA,IMO9680841,71.0
367580190,FAST DELIVERER,IMO9661003,70.0
563160100,EVER FORTUNE,IMO9850563,74.0
352004352,WOOYANG ARES,IMO9826433,70.0
538005968,BALTIC SCORPION,IMO9729477,70.0
229013000,RODOPI,IMO9498274,70.0
636022175,SEABOARD GENESIS,IMO9951159,79.0
636023343,OOCL VERACRUZ,IMO9979266,70.0
248950000,OZGUR AKSOY,IMO9475040,70.0
563105100,CD HUELVA,IMO9874272,70.0
538002961,MOL PROFICIENCY,IMO9403619,73.0
367781630,EL COQUI,IMO9721968,70.0
636018659,MSC NOA,IMO9398228,74.0
671082100,BIMINI CAT,IMO8982515,70.0
368100830,ALLEGRETTA,,70.0
369204000,POTTER TIDE,IMO9693525,70.0
671226100,RELIANCE II,IMO9221322,79.0
636023032,YM MASCOT,IMO9965837,70.0
255806169,NORTHERN JAVELIN,IMO9465095,71.0
636091731,SEABOARD OCEAN,IMO9383285,74.0
311358000,POMORZE,IMO9346823,70.0
369293000,SOUTHERN TIDE,IMO9779214,70.0
334977000,SARA EXPRESS,IMO8914142,70.0
353746000,EMILY G,,70.0
369296000,MANUKAI,IMO9244130,71.0
414037000,GUO HAI LIAN 818,IMO9617272,70.0
566208000,CEMTEX HONOR,IMO9727091,70.0
367619000,APL OCEANIA,IMO9436070,70.0
538010339,KYOWA EAGLE,IMO9950301,70.0
305537000,BBC AUSTRALIA,IMO9569528,70.0
566044000,THEBEN,IMO9722302,70.0
636023259,ANNA-THERESA,IMO9497842,79.0
525119170,CMA CGM HOMERE,IMO9362322,71.0
368306080,GENERAL MARSHALL,,70.0
311001605,SAGA DISCOVERY,IMO9317418,70.0
367766210,ICARUS,,70.0
636017070,ARMIA KRAJOWA,IMO9708033,70.0
306009000,TRUSTEE,IMO8902955,70.0
538006470,FEDERAL CLYDE,IMO9671072,70.0
353260000,ATLANTIC TRAMP,IMO9659921,70.0
373611000,CENTURY ROYAL,IMO9614385,70.0
636015989,FLAG HOPE,IMO9496642,70.0
563025600,NYK VIRGO,IMO9312810,72.0
477454900,OOCL GENOA,IMO9613587,70.0
355496000,SAKURA FORTUNE,IMO9881172,70.0
368028980,DANIELLE MILLER,,70.0
266261000,FIDELIO,IMO9332937,70.0
636024299,HMM PEARL,IMO9944508,70.0
636020349,MARIANNA I,IMO9162227,71.0
538004619,CRYSTAL ACE,IMO9539224,70.0
477117900,CSCL AUTUMN,IMO9645891,71.0
636024483,PUERTO LIMON EXPRESS,IMO9434943,71.0
244615929,ROLLDOCK SUN,IMO9393981,79.0
248750000,WHITE MARLIN,IMO9670224,79.0
368465000,JONATHAN ROZIER,IMO9273454,70.0
441397000,GLOVIS COSMOS,IMO9707027,70.0
244030000,HUDSONGRACHT,IMO9433262,70.0
244810617,REGGEBORG,IMO9592575,70.0
374652000,ROYAL JADE,IMO9801304,70.0
241798000,ARGO,IMO9523366,79.0
636025252,MSC BENIN,IMO9974565,71.0
368202000,GREAT LAND,IMO7420493,70.0
636092680,TIRUA,IMO9612882,74.0
314569000,K10031,IMO8525111,70.0
431332000,MOL COMMITMENT,IMO9629902,71.0
220397000,GRETE MAERSK,IMO9302889,71.0
303657000,MAERSK KENSINGTON,IMO9333010,71.0
636093355,ULSAN EXPRESS,IMO9613020,71.0
538006281,KONKAR VENTURE,IMO9738052,70.0
636020936,MSC BREMEN,IMO9369734,70.0
538006714,WOOYANG BANDERS,IMO9286645,70.0
255805867,MSC ROMANE,IMO9745653,70.0
636092814,COYHAIQUE,IMO9687588,74.0
636017408,MSC VENICE,IMO9647473,70.0
316001637,CSL LAURENTIEN,IMO7423108,79.0
352003134,PVT FORTUNE,IMO9542831,70.0
636093366,ESSEN EXPRESS,IMO9501370,71.0
311001613,SAGA FORTUNE,IMO9644524,70.0
304610000,BBC DUBAI,IMO9885312,70.0
538005562,STAR LYGRA,IMO9616838,70.0
538004382,FEDERAL SWIFT,IMO9595905,70.0
316017110,NACC ALICUDI,IMO9586435,70.0
636024862,ATHENA SAN,IMO9623659,70.0
249076000,CMA CGM PASSION,IMO9951563,79.0
354891000,NYK NEBULA,IMO9337640,72.0
563278200,COSCO THAILAND,IMO9448798,74.0
256062000,CMA CGM TIGRIS,IMO9705067,71.0
257242000,SALOME,IMO9515412,70.0
477738700,OOCL GUANGZHOU,IMO9404869,74.0
355452000,ROYAL ORION,IMO9875733,70.0
538007705,GPO AMETHYST,IMO9760433,70.0
636019206,MSC JOSSELINE,IMO9842061,71.0
636024635,CADWELL,IMO9999979,70.0
477214700,OOCL EUROPE,IMO9300805,71.0
636013146,ACONCAGUA BAY,IMO9019652,70.0
636024109,COPAN,IMO9984326,70.0
636021914,MSC NORDEROOG F,IMO9256315,71.0
354212000,NYK METEOR,IMO9337638,70.0
352005053,SAFESEA RAMA,IMO9364356,73.0
366904880,MESABI MINER,IMO7390272,70.0
241476000,DESERT CHALLENGER,IMO9699842,70.0
355216000,MSC MAUREEN,IMO9251717,74.0
259249000,BESS,IMO9531715,70.0
212582000,GRECO LIBERO,IMO9713387,70.0
563288700,MAERSK NILE,IMO9385972,71.0
477143900,SANTIAGO BASIN,IMO9377999,70.0
368922000,CAPE DUCATO,IMO7208297,75.0
477222600,OOCL MEMPHIS,IMO9486075,70.0
229202000,DENSA HAWK,IMO9649093,70.0
563138500,EPIC HARMONY,IMO9922005,70.0
352001173,NACC PROVIDENCE,IMO9326342,70.0
538007623,ODYSSEAS,IMO9595187,70.0
636023226,ANNIE B,IMO9253026,79.0
538010731,NORVIC HOUSTON,IMO9958339,70.0
372424000,AZUL ACE,IMO9889100,70.0
566264000,ANSAC WYOMING,IMO9713777,70.0
306129000,TARGET,IMO8617938,70.0
311001624,SAGA NAVIGATOR,IMO9371062,70.0
440220000,SM SHANGHAI,IMO9312779,71.0
636018935,SEACON SHANGHAI,IMO9847889,70.0
636019033,MEDI ATLANTICO,IMO9774446,70.0
304941000,DENEB J,IMO9344241,79.0
636024484,SANTA MARTA EXPRESS,IMO9446104,74.0
353013000,APOLLON HIGHWAY,IMO9728083,70.0
636021403,THETIS,IMO9738208,70.0
215187000,CMA CGM TARPON,IMO9331012,79.0
255806430,MSC BRITTANY,IMO9724049,70.0
249535000,ECO SIROCCO,IMO1020617,70.0
352001233,MINCHAH,IMO9131955,70.0
368206160,BT213 QUARTER BOAT,,70.0
353968000,MSC LISA,IMO9281279,70.0
370746000,GRIT CEMENT IV,IMO9331830,70.0
577332000,GLOBAL DISCOVERY,IMO9725691,70.0
477871100,WL PALEKH,IMO9674397,70.0
477201900,ZHEN HUA 27,IMO8710182,70.0
538007122,ULTRA TATIO,IMO9782986,70.0
215809000,ATLANTIC SAIL,IMO9670585,74.0
351011000,OCEAN CROWN,IMO9866653,70.0
372177000,TIGER LILY,IMO9744984,70.0
209087000,CAPE PIONEER,IMO9719874,70.0
440202000,HYUNDAI CONFIDENCE,IMO9254848,70.0
255803680,MSC BRIDGEPORT,IMO9243409,71.0
316040355,BLAIR MCKEIL,IMO9546045,70.0
374069000,VICTORIA HIGHWAY,IMO9827255,70.0
367643990,JAVA,IMO9724245,70.0
372878000,COREOCEAN OL,IMO9519212,70.0
210858000,PUNA,IMO9546784,70.0
311000458,GLOVIS SIGMA,IMO9736810,70.0
538004462,TOMINI VICTORY,IMO9632791,70.0
367766220,DALE PYATT,,70.0
256318000,SINE A,IMO9343089,71.0
636024073,BRAVE OWL,IMO9993640,70.0
636017104,MAERSK SHIVLING,IMO9728253,71.0
538007446,GPO GRACE,IMO9760421,70.0
311001454,UNITY ADVENTURE,IMO9658965,70.0
368296280,FREEDOM,IMO1333590,71.0
636019825,LYON II,IMO9222285,70.0
538007658,CALYPSO.GR,IMO9785134,70.0
304010618,CARIBE MARINER,IMO9110547,70.0
316006868,KATHY MCKEIL,IMO9127198,70.0
636021710,CAPE KOURION,IMO9481441,70.0
636022765,SEABOARD BLUE,IMO9504059,79.0
255710000,JULIANA,IMO9477294,70.0
311594000,RCC AFRICA,IMO9277814,78.0
636021362,ZIM PACIFIC,IMO9440837,71.0
244810614,INDUSTRIAL MERCHANT,IMO9534470,70.0
316005732,CHARLES H CATES XX,,76.0
246396000,SAMPOGRACHT,IMO9288071,79.0
354499000,MSC ESTHI,IMO9304411,71.0
636021875,PANAMAX OSTRIA,IMO9399557,70.0
538009721,VIKING ODESSA,IMO9398876,70.0
316014060,ALGOMA STRONGFIELD,IMO9613953,70.0
431989000,MEISHAN BRIDGE,IMO9805465,73.0
368680000,PRESIDENT REAGAN,IMO9938341,79.0
311040700,HERITAGE LEADER,IMO9441556,70.0
311000907,ALGOMA VICTORY,IMO9138109,70.0
210296000,QUEEN B II,IMO9430090,79.0
311001653,DOLE WARI,IMO9399777,79.0
636023071,NEW MAXIMUM,IMO9932672,70.0
354408000,NORD DUBAI,IMO9894612,70.0
563458000,MAERSK NESTON,IMO9215907,70.0
367389840,EINAR,,70.0
245912000,DIJKSGRACHT,IMO9420772,70.0
563150200,PATAGONMAN,IMO9521851,70.0
255806121,AS CAMELLIA,IMO9314947,74.0
367834000,USNS GORDON,IMO7234430,70.0
636021897,CAIPIRINHA,IMO9714769,70.0
367378570,TIGER,,70.0
256573000,MSC BARCELONA,IMO9480186,71.0
563107600,AQUABEAUTY,IMO9881378,70.0
275544000,AZURE,IMO9963023,70.0
306132000,TRIUMPH,IMO8902967,79.0
636020315,IZANAGI HARMONY,IMO9791066,70.0
255915809,POLSTEAM OKRA,IMO9984819,70.0
368438320,BRENDA S,,70.0
636023829,EFE BOSPHORUS,IMO9710505,70.0
352005218,NORSE IKUCHI,IMO9990698,70.0
241376000,ALPHA WISDOM,IMO9593440,70.0
636022717,ADALINE,IMO9701243,70.0
372089000,GRAND MASTER 2,IMO9829588,70.0
636022776,CHIQUITA VOYAGER,IMO9304978,70.0
538005333,MORNING CHANT,IMO9663300,70.0
235084298,ERVING,IMO9463023,79.0
636093160,AL SAFAT,IMO9349497,79.0
431009000,CENTURY HIGHWAYGREEN,IMO9875202,70.0
636016975,SEABOARD PATRIOT,IMO9395551,70.0
477714200,PAC AGENA,IMO9726009,70.0
352898739,COSTA VI,IMO9944728,70.0
316001834,FRONTENAC,IMO6804848,70.0
353997000,ONE MONACO,IMO9757204,72.0
352003837,MAERSK FRANKFURT,IMO9969065,70.0
368684000,AMELIA ISLAND,IMO9077276,70.0
311001244,SUNNY PHOENIX,IMO9227027,70.0
352003441,BALBOA,IMO9952490,70.0
636016431,MSC VAISHNAVI R,IMO9227340,79.0
563277100,ALTAMIRA EXPRESS,IMO9407146,74.0
367732510,DOLPHIN,,79.0
219086000,SANTA ROSA,IMO9430363,74.0
636021264,R SKYWALKER,IMO9610248,79.0
636024110,TISCAPA,IMO9984338,70.0
334890000,INTL VICTORY,IMO8977766,79.0
538006234,TRADE PROSPERITY,IMO9693422,70.0
212684000,AEOLIAN LIGHT,IMO9323053,70.0
255805626,INDEPENDENT PRIMERO,IMO9298636,71.0
538005695,TOMINI SOLANO,IMO9711731,70.0
311036200,GLADIATOR,IMO9605853,70.0
353718000,ULTRA PASSION,IMO9811907,70.0
566318000,APL CHONGQING,IMO9461867,71.0
367506560,JOSEPHINE K MILLER,IMO9568835,70.0
215164000,CMA CGM ANDROMEDA,IMO9410727,71.0
316041965,TAMARACK,IMO1037153,70.0
371662000,WU YI SHAN,IMO9543897,70.0
311001548,HERA HIGHWAY,IMO9982718,70.0
356963000,BALSA 89,IMO9616046,70.0
636019581,ASL TRINITY,IMO9780952,70.0
538008572,MENOMONEE,IMO9730256,70.0
477552800,SAFMARINE NOMAZWE,IMO9294381,71.0
432758000,MAIZURU BENTEN,IMO9554195,70.0
538010480,FEDERAL INTEGRITY,IMO9933066,70.0
636021449,MSC LOS ANGELES,IMO9327798,71.0
636024120,MEDI VENEZIA,IMO9782625,70.0
212814000,NORDPACIFIC,IMO9802487,72.0
563108700,IMOGEN,IMO9884370,70.0
367050160,BURNS HARBOR,IMO7514713,70.0
636021508,BELLA OLYMPIA,IMO9950600,70.0
477842500,ZIM CANADA,IMO9945485,71.0
576532000,BAHAMA SPIRIT,IMO9083263,70.0
258491000,SOFIE VICTORY,IMO9724776,70.0
441995000,ASIAN TRUST,IMO9203590,70.0
355576000,SCARLET EAGLE,IMO9687693,70.0
477909200,ZIM CORAL,IMO9967964,70.0
371749000,TTM HARMONY,IMO9514016,79.0
677040000,EXODE 14:14,IMO8978215,70.0
212125000,UBC SANTOS,IMO9376000,70.0
538006783,FEDERAL OSHIMA,IMO9200330,70.0
636016805,MSC NADRIELY,IMO9149328,71.0
352978240,TBC PRAISE,IMO9595151,70.0
305855000,BBC PEARL,IMO9504786,70.0
377909000,TROPIC OPAL,IMO8035269,71.0
259885000,STAR HARMONIA,IMO9103130,70.0
304161000,BBC RHINE,IMO9539377,79.0
338955000,INDEPENDENCE,IMO8507016,70.0
377901119,TROPIC JEWEL,IMO9819947,70.0
636022441,MSC DARIA,IMO9927287,73.0
373724000,AM BREMEN,IMO9566473,70.0
311001374,AMERICA PEARL,IMO9659751,70.0
538011080,OCEAN FAITH,IMO9967172,70.0
246771000,MUNTGRACHT,IMO9571545,70.0
212669000,AAL GLADSTONE,IMO9393541,70.0
356579000,MSC DON GIOVANNI,IMO9102746,70.0
352002703,LIGNUM MATRIX,IMO9973042,70.0
636021578,YM TRANQUILITY,IMO9792682,74.0
636018729,MSC EXPRESS III,IMO9374571,71.0
353499000,MSC DAMLA,IMO9250983,70.0
368305000,MANULANI,IMO9273674,70.0
636024823,SEABOARD VERDE,IMO9964417,79.0
636025531,SEABOARD RANGER,IMO9383297,79.0
353062000,ORIENTAL WIND,IMO9866407,70.0
311001385,ASTRO NEMBUS,IMO9730452,70.0
312072000,PHOSPHERUS NH,IMO9118795,70.0
345070388,HARVEY LEADER,IMO9559951,70.0
373176000,OCEAN BRIGHT,IMO9643192,70.0
563066900,POLAR MEXICO,IMO9786750,79.0
538009447,MAGIC STARLIGHT,IMO9687710,70.0
367309990,MISS PEGGY ANN,IMO8977754,70.0
563199600,EVER MACH,IMO9935210,74.0
636017504,FALKONERA,IMO9600621,70.0
538011356,NORD KARAS,IMO9552991,70.0
246596000,FRISIAN OCTA,IMO9526095,70.0
432817000,ALTAIR LEADER,IMO9539171,70.0
636092995,CHIQUITA CENTURY,IMO9339595,79.0
215891000,CATHARINA SCHULTE,IMO9302956,70.0
249726000,ALANI,IMO9782352,70.0
305172000,COE LUISA,IMO9435026,70.0
212510000,KYPROS LOYALTY,IMO9717424,70.0
538011724,SHAN DONG XIN RONG,IMO1026582,70.0
246456000,SLOTERGRACHT,IMO9197947,71.0
246621000,FORTUNAGRACHT,IMO9507609,70.0
311000789,AFRICAN PUFFIN,IMO9636448,70.0
440049000,MAPLE HARBOUR,IMO9593323,70.0
563210600,WAN HAI A06,IMO9935129,71.0
538010985,DIMITRA,IMO9414761,70.0
212867000,CYMONA OCEAN,IMO1050753,70.0
369344000,LIBERTY EAGLE,IMO9278753,70.0
563127900,MAERSK ATHABASCA,IMO9398424,71.0
338454000,BERTO L MILLER,IMO8964850,78.0
305682000,BBC NILE,IMO9571375,70.0
636020402,SUNSHINE,IMO9615028,70.0
563247300,LOWLANDS OBERLIN,IMO1041934,70.0
636025014,MSC FLORA,IMO9978937,71.0
564411000,THOR MONADIC,IMO9331220,70.0
352812000,EAST WIND,IMO9429998,70.0
565475000,MAERSK NEWHAVEN,IMO9215880,71.0
229654000,PERELIK,IMO9905722,70.0
255805563,WIELAND,IMO9654464,79.0
431079000,CETUS LEADER,IMO9291133,70.0
215126000,CMA CGM T.JEFFERSON,IMO9780861,71.0
255915807,ARETHUSA,IMO9855563,70.0
538009562,DEL MONTE ROSE,IMO9849655,70.0
212340000,MACCOA,IMO9413913,70.0
255805858,RABEA,IMO9725524,70.0
538008779,LIVADI,IMO9522946,79.0
209854000,PEDHOULAS COMMANDER,IMO9381524,70.0
352002407,SQUAXIN ISLAND,IMO9966104,70.0
636014908,FPMC B 201,IMO9468229,70.0
304883000,BBC ST.PETERSBURG,IMO9736200,70.0
416467000,YM UBIQUITY,IMO9462706,74.0
441144000,SHINSUNG ACCORD,IMO9606041,70.0
538009144,W KITHIRA,IMO9215323,71.0
538009838,ASTRO SANISTRA,IMO9805661,70.0
210602000,PEDHOULAS TRADER,IMO9980629,70.0
366503000,CURTISS,IMO6905288,70.0
255806343,UHL FORCE,IMO9892494,70.0
338446000,OCEAN GLADIATOR,IMO9418987,70.0
256434000,SLAVYANKA,IMO9937309,70.0
538005907,GLORY HARVEST,IMO9729831,70.0
477325300,CBC FUYI,IMO9634440,70.0
563185000,SAMUDERA BANGSA,IMO9159517,70.0
563286800,YM WELLHEAD,IMO9684665,71.0
305657000,BBC ICELAND,IMO9605906,79.0
636023023,MSC MAPUTO,IMO9967263,71.0
563144900,KINLING,IMO9893814,70.0
538006451,UNITY N,IMO9490466,70.0
564798000,THOR MENELAUS,IMO9303924,70.0
440104000,MORNING CAMILLA,IMO9477919,70.0
245964000,PALMGRACHT,IMO9424558,70.0
244850855,FWN BONAFIDE,IMO9321108,79.0
636092781,TENO,IMO9447859,70.0
371709000,APOLLO BULKER,IMO9459151,70.0
636022027,YM TRILLION,IMO9792709,71.0
636024252,BULK PATIENCE,IMO9764063,70.0
566042000,STAR LEADER,IMO9517939,70.0
538009351,SSI RESOLUTE,IMO9918755,70.0
563108900,NORD SOUND,IMO9882982,70.0
357347000,GRAND EAGLE,IMO9267663,70.0
636015182,YM MILESTONE,IMO9484998,70.0
563245200,EVER MODE,IMO9935296,74.0
636024108,QUETZAL,IMO9984247,70.0
255806030,HELENA G,IMO9358383,70.0
419000180,JAG AARATI,IMO9478200,70.0
636024675,STAR PEGASUS,IMO9621780,70.0
372309000,MOMI ARROW,IMO9385506,70.0
636023364,W-SAPPHIRE,IMO9605645,70.0
538010834,NORVIC SINGAPORE,IMO9958341,70.0
636023374,DONGBANG GIANT NO.8,IMO9659957,70.0
636093378,CHIQUITA HORIZON,IMO1032426,70.0
432722000,DIONYSOS LEADER,IMO9426350,70.0
249271000,NAVIOS LA PAIX,IMO9678329,79.0
352012000,PINCHAT,IMO9758466,70.0
563230500,ONE MAESTRO,IMO9415727,71.0
352383000,ANHUI,IMO9861213,70.0
636013689,MSC UBERTY VIII,IMO9337444,71.0
308090000,HELLAS STREAM,IMO9015187,79.0
249982000,CAPE TAINARO,IMO9706205,70.0
477913300,TIENTSIN,IMO9768930,70.0
441954000,DONGBANG GIANT NO.6,IMO9593397,70.0
367801000,CAPE KNOX,IMO7715290,70.0
565473000,MAERSK NORTHAMPTON,IMO9215919,79.0
538006936,NEWPORT EAGLE,IMO9603063,79.0
311001629,SAGA VOYAGER,IMO9233454,71.0
548774000,AUSTIN TRADER,IMO1017713,70.0
311001182,LA CHESNAIS,IMO9691034,70.0
720233000,TURBULENCE,IMO8203256,71.0
538009699,SUBSEA RESPONDER IV,IMO9400693,70.0
538010377,CONCARAN,IMO9820960,70.0
636023671,CAPE BERNINA,IMO9715476,70.0
538011123,KRAIT,IMO9622837,70.0
309942000,DOLE CHILE,IMO9185281,70.0
303845000,POMEROY,IMO9232242,70.0
636019704,IVORY GULL,IMO9475715,70.0
636092825,AS SAMANTA,IMO9410260,71.0
538007271,PANSTAR,IMO9316684,70.0
636023029,RED AZALEA,IMO9727417,70.0
636015659,MATE,IMO9644990,70.0
357357000,BALSA 96,IMO9800879,70.0
538006287,FIORA TOPIC,IMO9728461,70.0
538008755,SYNERGY BUSAN,IMO9450571,70.0
636024257,PACIFIC BLESSING,IMO9848089,70.0
373069000,MSC AURORA,IMO9484481,71.0
357075000,MEDI OSAKA,IMO9846287,70.0
229910000,IOLCOS FIGHTER,IMO9664964,70.0
441486000,HMM PRIDE,IMO9637260,70.0
352005932,RISOLUTO,IMO1036549,70.0
305152000,INDUSTRIAL DOLPHIN,IMO9360192,70.0
636016423,MSC BHAVYA,IMO9297876,70.0
538008303,SALIGNA,IMO9825001,70.0
538004999,ARUNA ISMAIL,IMO9637296,70.0
316001698,ALGOMA TRANSPORT,IMO7711737,70.0
352003624,MANHASSET QUEEN,IMO9991276,70.0
538005056,IONIC SMYRNI,IMO9638070,70.0
235009240,EVER SHINE,IMO9300386,70.0
538006778,FEDERAL HUNTER,IMO9205938,70.0
241830000,ALEXANDRA,IMO9746712,70.0
538006466,FEDERAL TRIDENT,IMO9658977,70.0
366670000,CAPE DOUGLAS,IMO7228089,70.0
477233300,COSCO AZALEA,IMO9785756,71.0
370152000,NORSE ANTWERP,IMO9909663,70.0
538008684,NAVA ULYSSES,IMO9602186,70.0
311001602,SAGA ANDORINHA,IMO9197002,70.0
636023240,DONGBANG GIANT NO.2,IMO9481788,79.0
636023471,EMERALD SHENGSI,IMO9981300,70.0
538010871,SIDER PERA,IMO9633202,70.0
477427500,COSCO BELGIUM,IMO9516404,71.0
246661000,HAPPY DRAGON,IMO9551961,70.0
229402000,MARTHA,IMO9087245,70.0
352002706,CL KIZUNA,IMO9789049,70.0
636092851,PETER OLDENDORFF,IMO9464663,70.0
355981000,BALSA 95,IMO9800867,70.0
355414000,ENERGY COSMOS,IMO9878151,70.0
563053900,MAUD,IMO9551674,70.0
366451000,GEM STATE,IMO6520911,70.0
308876000,ALOE,IMO9320336,70.0
636018263,YM ORCHID,IMO9198276,71.0
246824000,FINNBORG,IMO9419321,70.0
372130000,UNIVERSAL PIONEER,IMO9370214,70.0
563145700,NORD ANTARES,IMO9933224,70.0
232752000,GOOD HOPE MAX,IMO9304241,70.0
314694000,AGRAFA,IMO9947304,70.0
636024644,ASL PLANET,IMO9834387,70.0
563138300,BORDO MAVI,IMO9917050,70.0
538011213,PRINCESS EIRINI,IMO1041491,70.0
636011561,CARLOS FISCHER,IMO9230995,70.0
311055200,GDYNIA,IMO9594248,70.0
368053000,MAERSK KANSAS,IMO9311701,71.0
255915924,EQUINOX DREAM,IMO9503964,70.0
368153860,SANDY KAY (DREDGE),,70.0
431510000,ONE MATRIX,IMO9424924,73.0
441133000,GLOVIS SUPREME,IMO9674177,70.0
431654000,ONE GRUS,IMO9806067,70.0
352001355,SIDER ATHENA,IMO9657844,70.0
375903000,TROPIC TIDE,IMO9039028,70.0
220379000,GUDRUN MAERSK,IMO9302877,70.0
538010924,OCEAN DILIGENCE,IMO9967134,70.0
538011058,AGIA CHARIS,IMO9605097,79.0
538006982,ANTE TOPIC,IMO9737072,70.0
351248000,MSC LUDOVICA,IMO9251690,70.0
538010309,GAT FATHER,IMO9764013,70.0
244820000,BERMUDA ISLANDER,IMO9324434,71.0
232018901,HYUNDAI PLUTO,IMO9725160,70.0
636017503,ANTIPAROS,IMO9600657,70.0
563226100,YM WELLBEING,IMO9820908,74.0
352002453,MINIMATA,IMO9952464,70.0
367425960,SEA VULTURE,,70.0
636024194,MSC COTONOU VIII,IMO9983671,71.0
538009564,DEL MONTE HARVESTER,IMO9869667,70.0
209243000,PLATANOS,IMO9592135,70.0
248426000,CMA CGM LISA MARIE,IMO9729099,71.0
538005268,KAVO AETOS,IMO9290232,70.0
563268300,EVER MAGNA,IMO9935399,74.0
368485000,DOUG,IMO9529889,70.0
255916279,POLSTEAM DABIE,IMO9971850,70.0
311000584,HOLLAND PEARL,IMO9742455,70.0
477137300,CHIPOLBROK ATLANTIC,IMO9731377,70.0
255915843,NACC NEWYORKER,IMO9499723,70.0
477183200,BBG FOREVER,IMO9735842,70.0
538005041,MAIA,IMO9422938,70.0
636019029,POSEIDON S,IMO9405485,70.0
241768000,DESERT PIONEER,IMO9899193,70.0
374858000,ONE AQUILA,IMO9806043,70.0
548991000,WESTERN TOKYO,IMO9838498,70.0
548965000,APOLLON TRADER,IMO9989364,70.0
255915838,JOHANNA C,IMO9430131,70.0
255916113,CARNELIAN CONFIDENCE,IMO9902081,70.0
258872000,HOEGH TRAPPER,IMO9706918,70.0
244142000,DIAMANTGRACHT,IMO9420813,79.0
255726000,CRYSTAL CONFIDENCE,IMO9728382,70.0
367371000,PFC DEWAYNETWILLIAMS,IMO8219396,70.0
538011037,RISING SKY.GR,IMO9782259,70.0
244790606,ATLANTIC DAWN,IMO9671450,70.0
563263900,SAN DIEGO BRIDGE,IMO9560376,70.0
245546000,SINGELGRACHT,IMO9197375,70.0
538006286,ALBERTO TOPIC,IMO9728473,70.0
352005373,SENTOSA ISLAND,IMO1031848,70.0
538007822,MAPLE,IMO9811543,70.0
477922100,GUTHORM MAERSK,IMO9359040,71.0
352003799,FREJA BULKER,IMO9991135,70.0
563242800,DOUBLE DELIGHT,IMO9738806,70.0
212798000,EFROSSINI,IMO1050727,70.0
352005378,BUNGO STAR,IMO9977828,70.0
563224200,LIGNUM LINK,IMO9973080,70.0
370314000,HOSEI PEARL,IMO9543263,70.0
538011259,ULTRA YORKSHIRE,IMO9976032,70.0
538011405,MARLA CHAMPION,IMO1027392,70.0
352002226,SPRING JASMINE,IMO9942079,70.0
374356000,SEAWING III,IMO9207431,70.0
538007921,NEPTULUS,IMO9473705,70.0
215362000,OCCITAN PAUILLAC,IMO9483451,70.0
366574000,CORNHUSKER STATE,IMO6916433,70.0
371377000,LEGATO II,IMO9644304,70.0
636022366,NEW LEADER,IMO9932660,70.0
352005796,BERGE RYSY,IMO1049285,70.0
636017219,CHIQUITA TRADER,IMO9304760,79.0
255806304,NORTHERN MONUMENT,IMO9252577,74.0
366418000,POTOMAC EXPRESS,IMO9349526,70.0
538011818,STANLEY BAY,IMO9898747,70.0
374475000,EVA LONDON,IMO9863857,70.0
229014000,MEHMET AKSOY,IMO9607502,70.0
636018220,KM LONDON,IMO9811957,70.0
352001719,VOLUTINA,IMO9929338,70.0
636022536,DELOS II,IMO9612375,79.0
247304600,GRANDE GABON,IMO9437933,70.0
636022183,ASTRAIOS,IMO9961465,74.0
477091300,GREAT MIND,IMO9629627,70.0
538011423,ALPHA SPIRIT,IMO1025916,70.0
229808000,CMA CGM FIDELIO,IMO9299642,71.0
636022964,BULK ATACAMA,IMO9683130,70.0
538010011,PHILHOKUSAI,IMO9549451,70.0
351184000,BUNUN POWER,IMO9782663,70.0
636091232,E R MARTINIQUE,IMO9314985,79.0
247585000,CALA PULA,IMO9164768,79.0
548652000,WESTERN SINGAPORE,IMO9254501,70.0
369246000,MAERSK SENTOSA,IMO9315202,74.0
538009751,GENCO LADDEY,IMO9923334,70.0
538006753,FEDERAL ASAHI,IMO9200419,70.0
636022595,GLOBAL SAGE,IMO9838448,70.0
355922000,GREEN GEM,IMO9831517,70.0
636093309,PRAGUE EXPRESS,IMO9450399,70.0
311001549,BTG MISTI,IMO9952488,70.0
352898746,OCEAN CLIO,IMO9911965,70.0
366207000,ARCTIC TRANSPORT,,70.0
209783000,TROODOS AIR,IMO9698226,70.0
374298000,MEDI AERO,IMO9708966,70.0
368026000,BENAVIDEZ,IMO9218210,70.0
538008712,ARGYROULA GS,IMO9491587,70.0
256638000,DIAMOND SEA,IMO9468152,70.0
511101337,SIDRA AHLAM,IMO9108233,70.0
636092952,MOONBEAM,IMO9493987,70.0
636093241,ROSTRUM AMERICA,IMO9910351,70.0
248699000,APL FLORIDA,IMO9350032,70.0
372545000,SAKIZAYA POWER,IMO9783136,70.0
636016161,GENTLE SEAS,IMO9703514,70.0
636019797,RANGAKU,IMO9866627,70.0
538010081,PORT FUKUOKA,IMO9932799,70.0
311912000,CALIPSO,IMO9297929,79.0
354519000,CMB BRUEGEL,IMO9894765,70.0
636017854,LAGUNA SECA,IMO9737606,70.0
636015772,KM SINGAPORE,IMO9479321,70.0
563252300,ONE SPRINTER,IMO9975650,70.0
636021281,CAPE PHOENIX,IMO9598139,70.0
538009597,HONG QING,IMO9343326,70.0
636022811,STEEL C,IMO9700330,70.0
352411000,BERGE DOI INTHANON,IMO9908451,70.0
636017153,SEALAND MANZANILLO,IMO9383261,70.0
354141000,TEN YU MARU,IMO9520900,70.0
352003250,LOWLANDS ISLAND,IMO9984534,70.0
636023584,NORD NORFOLK,IMO9984479,70.0
357254000,TS CHALLENGE,IMO9719343,70.0
567109000,SARIKA NAREE,IMO9726425,70.0
405000382,MEGHNA VICTORY,IMO9928827,70.0
636025603,SL HAWK,IMO9395111,71.0
338513000,RICHMOND,,70.0
636024824,MED LIGURIA,IMO9604811,70.0
564576000,CAROLYN,IMO9693355,70.0
257432000,OSLO BULK 4,IMO9589956,70.0
636021335,NEW INTELLIGENCE,IMO9932658,70.0
304342000,MICK,IMO9736183,70.0
352004548,NORD LOTUS,IMO9742390,70.0
538008173,YASA MARS,IMO9848120,70.0
352001570,MARGUERITE,IMO9932763,70.0
209593000,CONTSHIP ZOE,IMO9434797,70.0
246865000,AVONBORG,IMO9466362,70.0
352004981,MERSEA ISLAND,IMO1035959,70.0
352001690,AFRICAN TIGER,IMO9942029,70.0
538002668,GENCO BRITTANY,IMO9490698,70.0
636014865,KOUTALIANOS,IMO9332016,70.0
373285000,EVER FRONT,IMO9850549,74.0
538011084,AL SAMHA,IMO9668972,79.0
352001316,MAINE SOLEIL,IMO9934216,70.0
538007708,ASTRA N,IMO9476290,70.0
374654000,ULTRA CRIMSON,IMO9757826,70.0
538002511,AJAX,IMO9296808,70.0
636015458,BULK HONDURAS,IMO9500675,70.0
636019035,MEDI TIRRENO,IMO9699165,70.0
219509000,MAERSK LEBU,IMO9526930,74.0
563238500,NITAYA NAREE,IMO9700031,70.0
636014224,TIANJIN,IMO9398462,70.0
566464000,PAC SUHAIL,IMO9598945,70.0
255995000,MISSISSIPPI,IMO9954187,70.0
232041699,MAGIC STRIKER,IMO9493664,70.0
477714400,PAC ADHIL,IMO9726011,70.0
209891000,KERYNIA,IMO9961439,70.0
538006065,STAR ANGELINA,IMO9310630,70.0
304060000,MARIA,IMO9266566,79.0
338525000,MAERSK COLUMBUS,IMO9332987,74.0
210234000,UBC SANTA MARTA,IMO9380805,70.0
311056900,CSL TECUMSEH,IMO9600994,70.0
538008302,ROBUSTA,IMO9824992,70.0
538006163,NM SAKURA,IMO9703643,70.0
538002570,GENCO AUVERGNE,IMO9557123,70.0
368591000,PRESIDENT,IMO8616922,70.0
538011285,JADE WEALTH,IMO9995806,70.0
367585890,HOS RIVERBEND,IMO9647679,70.0
352244000,BULK DESTINY,IMO9781994,70.0
256932000,COSCO HELLAS,IMO9308510,71.0
636022249,BADGER,IMO9708980,70.0
369050000,STIM STAR III,IMO9274991,70.0
232036022,AHTI,,70.0
636019443,MSC RESILIENT III,IMO9240873,79.0
228439900,ANEMOS,IMO9982938,79.0
477534200,EFFY N,IMO9509516,70.0
212460000,KYPROS SPIRIT,IMO9717436,70.0
538011562,CL DAYANG HE,IMO9880283,70.0
228479900,CMA CGM TAORMINA,IMO9977749,70.0
431522000,ONE MAXIM,IMO9424936,71.0
636025522,AGIA FEVRONIA,IMO1018248,70.0
636025286,LITTLE SYMPHONY,IMO9944730,70.0
538008210,QUEEN,IMO9425928,70.0
311001006,DOLE AZTEC,IMO9877731,70.0
368508000,GENIE LAB,IMO9564310,70.0
636021386,ASANAGI,IMO9916197,70.0
311001771,CAPTAIN C,IMO0730879,70.0
370375000,LEGEND II,IMO9376610,70.0
368784000,LIBERTY PEACE,IMO9777890,70.0
368373000,WILSON,IMO6909911,70.0
477717700,TJ VANDA,IMO9284556,70.0
477638900,BBG BRIGHT,IMO9598177,70.0
538090640,SILVERFJORD,IMO9707742,70.0
338241000,MAERSK KINLOSS,IMO9333022,70.0
538010803,CHRISTOS K,IMO9700081,70.0
563141200,YM TRUST,IMO9789972,72.0
368297990,BRITTYN B,,70.0
636015496,MSC MEXICO V,IMO9231779,79.0
367527000,C LEADER,IMO9273569,79.0
209748000,NECKLACE,IMO9548225,70.0
368397290,RED DIAMOND,,70.0
255915665,ELBBRIDGE,IMO9968920,70.0
563211700,STARGAZER,IMO9964833,70.0
373662000,BALSA 87,IMO9616022,70.0
305131000,BBC SANTIAGO,IMO9964429,70.0
311001087,BAY PEARL,IMO9460801,70.0
636092961,GW MATHILDE,IMO9874650,70.0
403533001,BAHRI JAZAN,IMO9620970,70.0
311000682,SIERRA LARA,IMO9120205,70.0
477166600,COSCOSHIPPING DENALI,IMO9757876,71.0
374515000,DAIWAN JUSTICE,IMO9709312,70.0
316013966,OAKGLEN,IMO7901148,70.0
209017000,UBC TARRAGONA,IMO9416719,70.0
210740000,LENA,IMO9347750,70.0
538010015,SSI ENDURANCE,IMO9932971,70.0
563221600,INTEGRITY MAKOTO,IMO9977933,70.0
255806107,LARS D,IMO9252797,71.0
255805923,MSC WESER,IMO9236690,70.0
677080600,SHEKSNA,IMO8876572,79.0
538005725,KACEY,IMO9420277,70.0
538007287,LADY SERRA,IMO9449883,70.0
677042300,CAY TRADER II,IMO7928768,70.0
477243200,ZHOUSHAN ISLAND,IMO9610729,70.0
311000720,CYMBIDIUM,IMO9781528,70.0
255916298,POLSTEAM LEBSKO,IMO9971874,70.0
370423000,INUYAMA,IMO9392080,70.0
477103900,CEMTEX RENAISSANCE,IMO9599119,70.0
636014808,KPS IREM SULTAN,IMO8222252,70.0
258389000,HOEGH TRIGGER,IMO9684988,70.0
229726000,APL DANUBE,IMO9674517,71.0
671969100,ADMIRAL PRIDE,,70.0
311001589,MARATHOS,IMO9512056,79.0
636015333,ARCADIA,IMO9635999,70.0
256052000,SEABULK,IMO9936927,79.0
538010196,ATLANTIC RUNNER II,IMO9509619,79.0
249057000,CC FORT FLEUR D'EPEE,IMO9809851,74.0
636093258,EMMA JANNEKE,IMO9992256,70.0
636023345,OOCL SEATTLE,IMO9984431,71.0
352003103,CTM ISTMO,IMO9430870,71.0
352002963,BARISM ALICE,IMO9969168,70.0
440022000,SM QINGDAO,IMO9395939,72.0
255803890,AUGUSTA LUNA,IMO9480124,79.0
636021664,ZIM ASIA,IMO9464716,71.0
305969000,OCEANA,IMO9634684,70.0
538007731,GOLDEN CIRRUS,IMO9717395,70.0
636092705,NORDIC ALIANCA,IMO9689562,70.0
220207000,OLUF MAERSK,IMO9251626,74.0
538010777,FEDERAL THUNDER BAY,IMO9975375,70.0
538007438,GLOVIS SAFETY,IMO9798399,70.0
366677000,ODYSSEA COURAGE,IMO9213040,70.0
219534000,MAERSK LAVRAS,IMO9526928,73.0
235058697,ZENITH LEADER,IMO9384942,70.0
566097000,AQUITANIA,IMO9611278,70.0
636017520,BSL CAPE TOWN,IMO9275048,70.0
352082000,IC PHOENIX,IMO9738961,70.0
636025414,NANAMI FORTUNE,IMO9712656,70.0
311002600,FRANCESCO CORRADO,IMO9314636,70.0
255802390,BARBRO G,IMO9546796,70.0
577574000,BRIDGE MAIL,IMO9208887,70.0
352005934,WELL DREAM,IMO9303364,70.0
548980000,BAI IZMIR,IMO9855410,70.0
211112000,MONTEVIDEO EXPRESS,IMO9520041,74.0
636025032,RT MALBEC,IMO8007793,70.0
563114800,HSL CHICAGO,IMO9888209,70.0
248711000,APL OREGON,IMO9532783,70.0
212093000,BARNACLE,IMO9409742,70.0
357213000,SUNNY ROYAL,IMO9482122,70.0
538003141,EQUATOR,IMO9363766,70.0
245118000,PACIFIC DAWN,IMO9558464,79.0
316018031,ALGOMA GUARDIAN,IMO8505850,70.0
636019820,FEDERAL OAK,IMO9860415,70.0
374033000,THORCO LOGOS,IMO9742405,70.0
636092036,BBC ALASKA,IMO9453793,79.0
636023065,MSC PILAR VI,IMO9248148,71.0
245995000,REBECCA,IMO9361108,70.0
229911000,SEABONI,IMO9688647,70.0
316041623,KC COMMANDER,IMO9267259,70.0
538011651,CHARISMA.GR,IMO9834856,70.0
351983000,NIAGARA HIGHWAY,IMO9832638,70.0
309841000,BALTIC PEARL,IMO9008732,79.0
636024507,MSC LYON,IMO9975569,71.0
241229000,CHIOS LUCK,IMO9643805,70.0
354423000,SUNLIGHT ACE,IMO9338864,70.0
305442000,BAHAMAS EXPRESS,IMO9587489,70.0
636023182,PAN PEGASUS,IMO9855501,70.0
636020226,SEABOARD EXPLORER,IMO9347267,70.0
209207000,BF CARTAGENA,IMO9123817,70.0
210895000,ANASA,IMO9389215,70.0
255975000,MSC DUBAI VII,IMO9444285,79.0
375939000,TROPIC CARIB,IMO9225263,70.0
305258000,WARNOW BELUGA,IMO9437127,74.0
367769470,INNOVATIVE,,70.0
275542000,INDIGO,IMO9962964,70.0
538004203,MOL MODERN,IMO9475636,71.0
367098301,MISS_LAUREN,,79.0
229824000,CMA CGM ALEXANDRIA,IMO9306483,74.0
368185710,PALM GROVE,,70.0
357961000,BRAVERY ACE,IMO9207120,70.0
249032000,C TIGER,IMO9583706,70.0
219031231,CHILEAN BULKER,IMO9855434,70.0
325147300,TINTO,IMO7369168,71.0
367708250,DB TAYLOR,,70.0
538009071,ROMY,IMO9890862,70.0
636025463,SEABOARD VIKING,IMO9981752,79.0
258882000,HOEGH TRADER,IMO9171280,70.0
538009948,KAPTA DIMITROS,IMO9928736,70.0
636093384,DONATELLO,IMO1030818,70.0
316003011,GEORGIA TRANSPORTER,IMO6409002,70.0
366999412,HAYWARD,,70.0
305812000,CHALLENGER,IMO9114787,79.0
368926628,HOLLAND,,70.0
255806494,MSC ELODIE,IMO9704972,72.0
338701000,MOTEGA,IMO8886802,70.0
577369000,MIDNIGHT COAST,IMO7303918,70.0
309075000,BALTIC WINTER,IMO9014755,79.0
246117000,UAL HOUSTON,IMO9542348,70.0
245918000,AMADEUS SAFFIER,IMO9996903,70.0
368237190,GO BEYOND,IMO9622655,70.0
316028368,MOVING EXPERIENCE,,70.0
431224000,SELENE LEADER,IMO9498597,70.0
477941200,ZIM MOUNT ELBRUS,IMO9932529,70.0
373227000,NORD FLEX,IMO9500687,70.0
636017540,SIEM CONFUCIUS,IMO9841017,70.0
316031354,CAPT. HENRY JACKMAN,IMO9619294,70.0
209729000,PROGRESO,IMO9274264,70.0
636093161,YANTIAN EXPRESS,IMO9229831,71.0
352005782,MIGHTY 6,IMO1060760,70.0
636015124,ATHINA L,IMO9487627,70.0
371463000,GLOBAL STANDARD,IMO9550199,70.0
255805839,VISITOR,IMO9297606,71.0
256421000,ROCHESTER,IMO9991628,70.0
351392000,MORNING CARINA,IMO9338709,70.0
566029000,STAR STRATOS,IMO9350991,70.0
368438090,FREEPORT LAUNCH1&1/2,,70.0
371618000,EUPHONY ACE,IMO9293595,70.0
366963120,GP-37,,70.0
563077800,EVER SUPERB,IMO9300427,74.0
255915817,MSC DOUALA VIII,IMO9983695,71.0
212049000,TUFTY,IMO9393163,70.0
367719640,CATALINA PROVIDER,IMO8793562,70.0
247341500,GRANDE COTONOU,IMO9672105,70.0
311001560,STAR OPAL,IMO1054802,70.0
256871000,MSC ATHOS,IMO9618317,70.0
636017731,CHIQUITA PROGRESS,IMO9357119,79.0
538010466,CAPE,IMO9498224,70.0
371180000,NBA MILLET,IMO9518189,70.0
636016999,MSC MIRELLA R,IMO9293179,71.0
229281000,GULLWING,IMO9595981,70.0
636092963,JASMUND,IMO9696840,70.0
370484000,MAERSK WAKAMATSU,IMO9550345,70.0
538004052,ATHENA,IMO9426726,70.0
345040045,SANTA RITA,IMO9372676,78.0
538011136,OMER DADAYLI,IMO9960203,70.0
249112000,CMA CGM MISSOURI,IMO9679919,71.0
309905000,GARNET LEADER,IMO9357327,70.0
538009166,GCL ICON,IMO9880245,70.0
352004280,MAERSK FREEPORT,IMO9991202,70.0
548743000,NY SUNRISE,IMO9934814,70.0
636013690,NILEDUTCH LION,IMO9337456,71.0
563149100,SIEM COPERNICUS,IMO9448073,70.0
538009536,MANTA MELEK,IMO9536856,70.0
563081200,BW JAPAN,IMO9836438,70.0
232045875,LIVORNO,IMO9855549,70.0
538010499,GOLDEN STAR,IMO9950703,70.0
563095600,GREEN STAR,IMO9865958,79.0
352005983,NORD ATOLL,IMO1028176,70.0
636022757,EMDEN,IMO9941788,70.0
538009469,GEORGE,IMO9650810,70.0
354591000,PYXIS LEADER,IMO9284738,70.0
215031000,SERENE AMELIA,,70.0
538007556,GOLDEN AMBER,IMO9458987,70.0
352003803,TEKUNG BENEFIT,IMO9984168,70.0
338717000,GALAIDE,IMO8964903,70.0
477023600,OTAGO BAY,IMO9782015,70.0
567468000,FREDENSBORG,IMO9465394,70.0
636020110,YANGZE 17,IMO9893759,70.0
636023489,AOMARI,IMO9622552,70.0
338796000,MATSONIA,IMO9814612,74.0
372941000,BOLICHE,IMO9853072,70.0
538003446,KYOWA ORCHID,IMO9442093,79.0
255915870,JULIE C,IMO9430143,70.0
377901110,TROPIC GEM,IMO9809930,70.0
351067000,DIEGO,IMO7214284,70.0
228469700,CMA CGM FORT DIAMANT,IMO9966776,71.0
352005731,OEL VARUN,IMO9320001,70.0
353054000,BALSA 94,IMO9800855,70.0
311001642,SAGA FUJI,IMO9609457,70.0
304137000,BBC JUPITER,IMO9577630,70.0
369543000,GREEN OCEAN,IMO9981910,70.0
538003878,IONIC SPIRIT,IMO9514200,70.0
357775000,OMARA,IMO9571571,70.0
265055000,WAY FORWARD,IMO9945617,70.0
377901115,MOUNIE K,IMO8416152,70.0
257758000,TAMERLANE,IMO9218648,70.0
255915668,AMADEUS PEARL,IMO9995844,70.0
353826000,BUNUN RESPECT,IMO9890680,70.0
371293000,MACONDO,IMO9299109,70.0
371671000,GRAND LEGACY,IMO9355240,70.0
538005284,MYRSINI,IMO9422940,70.0
636016126,CAP ANDREAS,IMO9629445,70.0
257711000,HOEGH ASIA,IMO9191876,70.0
538009411,FEDERAL FREEDOM,IMO9866756,70.0
636017922,JUICE EXPRESS,IMO9812456,79.0
357455000,MSC CANBERRA,IMO9102722,71.0
316037746,NACC ARGONAUT,IMO9287302,70.0
538005959,JAMAICA EXPRESS,IMO9686912,70.0
372771000,CIELO DI IYO,IMO9808340,70.0
538007680,MELINA,IMO9401075,71.0
563253700,CASTLE POINT,IMO1042897,70.0
255916044,OSLO BULK 3,IMO9485784,70.0
351275000,NEO,IMO9520948,70.0
538010868,JIUYANG BLOSSOM,IMO9318474,70.0
308077000,GROUSE ARROW,IMO8918215,70.0
377901040,ALTAGRACE,IMO7710264,70.0
374495000,OCEAN HARVEST,IMO9747467,70.0
259303000,OLITA,IMO9762845,70.0
677062300,PEPIN EXPRESS,IMO9196228,70.0
311001136,FJORD PEARL,IMO9460796,79.0
636025043,HG STEWART,IMO9753296,70.0
565810000,MAERSK BATAM,IMO9355331,71.0
538009748,SAN NICOLAS,IMO9463580,79.0
311000906,ALGOMA VALOUR,IMO9120334,70.0
477174900,MAERSK CHACHAI,IMO9525388,70.0
477183900,COSCO JASMINE,IMO9785768,71.0
235102679,EVER LISSOME,IMO9629079,70.0
352929000,OREGON HIGHWAY,IMO9381665,70.0
371929000,MSC ELAINE,IMO9393321,72.0
636018483,ANDIAMO,IMO9832676,70.0
354455000,CENTURY DREAM,IMO9694854,70.0
256587000,CMA CGM BETTER WAYS,IMO9950557,70.0
210070000,CAPE CITIUS,IMO9848742,70.0
352002111,SVL HONDURAS,IMO9148257,70.0
563307000,CRIMSON MAJESTY,IMO9660059,70.0
354972000,MSC MARINA,IMO9275971,74.0
218850000,CARTAGENA EXPRESS,IMO9777618,70.0
367373420,SAILOR,,70.0
249142000,KOZNITZA,IMO9996927,70.0
355024000,BULK CROATIA,IMO9875020,70.0
228084000,VILLE DE BORDEAUX,IMO9270842,70.0
255806179,CMA CGM VENTANIA,IMO9376907,71.0
367147480,SAINT,,70.0
563048400,ONE OLYMPUS,IMO9312987,70.0
538011160,FRANBO BRAVE,IMO9965526,70.0
377901123,TROPIC LISSETTE,IMO9819959,70.0
636024481,HMM OPAL,IMO9955272,70.0
368284720,DELTA MOTION,,70.0
366843080,CAPT LEVERT,IMO9269685,70.0
367338870,BRANDI,,70.0
431857000,SOUTHERN HIGHWAY,IMO9338632,79.0
229606000,ANL WARRNAMBOOL,IMO9440772,71.0
538005832,GOLDEN AMREEN,IMO9696058,70.0
564345000,EVER LUCENT,IMO9629067,70.0
235094625,VECTIS PRIDE,IMO9626132,70.0
212960000,QUEEN B,IMO9318929,70.0
256042000,EMMA A,IMO9308194,71.0
353275000,FEDERAL INDUS,IMO9860582,70.0
367367230,EOS,IMO9253428,70.0
229587000,VULCANIA,IMO9718686,70.0
246866000,HANZE GENDT,IMO9605176,70.0
636022724,JANIS,IMO9437311,70.0
258172000,BELSAKURA,IMO9991290,70.0
352003048,AQUAPRIDE,IMO9969211,70.0
311001601,SAGA ADVENTURE,IMO9317406,70.0
366565000,KEYSTONE STATE,IMO6605022,70.0
373355000,MSC ARIANE,IMO9484443,70.0
720231000,TORTOLA'S PRIDE,IMO7611913,70.0
477832400,OOCL CHONGQING,IMO9622629,70.0
477127600,KSL SAKURA,IMO9719941,70.0
538011852,PICTOR,IMO9371426,71.0
566646000,STRATEGIC FORTITUDE,IMO9753387,70.0
210953000,SMEW,IMO9688843,70.0
538010031,EAGLE II,IMO9301122,71.0
304010708,PERA,IMO9111149,70.0
311001461,ASTRO SIRIUS,IMO9848077,70.0
371449000,NYK RIGEL,IMO9416977,70.0
257807000,SPAR CANIS,IMO9299290,70.0
366557000,MATSON ANCHORAGE,IMO8419142,70.0
477140100,OOCL LILAC,IMO9949742,70.0
563106200,ARAUCARIA,IMO9882994,74.0
265050000,FUTURE WAY,IMO9945590,70.0
477886200,BADGER ISLAND,IMO9578294,70.0
356581000,COSCO ASIA,IMO9345403,71.0
566866000,SAMOA CHIEF,IMO9614476,74.0
636093110,THE WHALE SHARK,IMO9594482,70.0
249200000,CMA CGM RED,IMO9690107,71.0
636091916,PORTO,IMO9481520,70.0
563004200,DALI,IMO9697428,70.0
538006431,RB JORDANA,IMO9730816,79.0
319409000,GLORIOUS ACE,IMO9561277,70.0
538011706,NEGMAR YAKO I,IMO9625463,70.0
305134000,HOHEBANK,IMO9435818,70.0
369357000,JANET MARIE,IMO9837107,79.0
247601000,CALA PALMA,IMO9164770,71.0
255806057,BRIGHT,IMO9778399,70.0
636092895,ATACAMA,IMO9718947,71.0
367384000,1ST LT JACK LUMMUS,IMO8302454,79.0
210842000,ARISTIDIS,IMO9510369,70.0
431659000,TACHIBANA 2,IMO9817468,70.0
636017295,TRANS FUTURE 7,IMO9326093,70.0
352002142,EPTALOFOS,IMO9949209,70.0
636018656,FENG MAY,IMO9838553,70.0
